--
-- PostgreSQL database dump
--

-- Dumped from database version 17.5 (Homebrew)
-- Dumped by pg_dump version 17.5 (Homebrew)

SET statement_timeout = 0;
SET lock_timeout = 0;
SET idle_in_transaction_session_timeout = 0;
SET transaction_timeout = 0;
SET client_encoding = 'UTF8';
SET standard_conforming_strings = on;
SELECT pg_catalog.set_config('search_path', '', false);
SET check_function_bodies = false;
SET xmloption = content;
SET client_min_messages = warning;
SET row_security = off;

--
-- Name: public; Type: SCHEMA; Schema: -; Owner: postgres
--

-- *not* creating schema, since initdb creates it


ALTER SCHEMA public OWNER TO postgres;

--
-- Name: SCHEMA public; Type: COMMENT; Schema: -; Owner: postgres
--

COMMENT ON SCHEMA public IS '';


SET default_tablespace = '';

SET default_table_access_method = heap;

--
-- Name: auth_group; Type: TABLE; Schema: public; Owner: postgres
--

CREATE TABLE public.auth_group (
    id integer NOT NULL,
    name character varying(150) NOT NULL
);


ALTER TABLE public.auth_group OWNER TO postgres;

--
-- Name: auth_group_id_seq; Type: SEQUENCE; Schema: public; Owner: postgres
--

ALTER TABLE public.auth_group ALTER COLUMN id ADD GENERATED BY DEFAULT AS IDENTITY (
    SEQUENCE NAME public.auth_group_id_seq
    START WITH 1
    INCREMENT BY 1
    NO MINVALUE
    NO MAXVALUE
    CACHE 1
);


--
-- Name: auth_group_permissions; Type: TABLE; Schema: public; Owner: postgres
--

CREATE TABLE public.auth_group_permissions (
    id bigint NOT NULL,
    group_id integer NOT NULL,
    permission_id integer NOT NULL
);


ALTER TABLE public.auth_group_permissions OWNER TO postgres;

--
-- Name: auth_group_permissions_id_seq; Type: SEQUENCE; Schema: public; Owner: postgres
--

ALTER TABLE public.auth_group_permissions ALTER COLUMN id ADD GENERATED BY DEFAULT AS IDENTITY (
    SEQUENCE NAME public.auth_group_permissions_id_seq
    START WITH 1
    INCREMENT BY 1
    NO MINVALUE
    NO MAXVALUE
    CACHE 1
);


--
-- Name: auth_permission; Type: TABLE; Schema: public; Owner: postgres
--

CREATE TABLE public.auth_permission (
    id integer NOT NULL,
    name character varying(255) NOT NULL,
    content_type_id integer NOT NULL,
    codename character varying(100) NOT NULL
);


ALTER TABLE public.auth_permission OWNER TO postgres;

--
-- Name: auth_permission_id_seq; Type: SEQUENCE; Schema: public; Owner: postgres
--

ALTER TABLE public.auth_permission ALTER COLUMN id ADD GENERATED BY DEFAULT AS IDENTITY (
    SEQUENCE NAME public.auth_permission_id_seq
    START WITH 1
    INCREMENT BY 1
    NO MINVALUE
    NO MAXVALUE
    CACHE 1
);


--
-- Name: back_contrat; Type: TABLE; Schema: public; Owner: postgres
--

CREATE TABLE public.back_contrat (
    id bigint NOT NULL,
    contrat_name character varying(10) NOT NULL
);


ALTER TABLE public.back_contrat OWNER TO postgres;

--
-- Name: back_contrat_id_seq; Type: SEQUENCE; Schema: public; Owner: postgres
--

ALTER TABLE public.back_contrat ALTER COLUMN id ADD GENERATED BY DEFAULT AS IDENTITY (
    SEQUENCE NAME public.back_contrat_id_seq
    START WITH 1
    INCREMENT BY 1
    NO MINVALUE
    NO MAXVALUE
    CACHE 1
);


--
-- Name: back_magasin; Type: TABLE; Schema: public; Owner: postgres
--

CREATE TABLE public.back_magasin (
    id bigint NOT NULL,
    shop_name character varying(50) NOT NULL
);


ALTER TABLE public.back_magasin OWNER TO postgres;

--
-- Name: back_magasin_created_by; Type: TABLE; Schema: public; Owner: postgres
--

CREATE TABLE public.back_magasin_created_by (
    id bigint NOT NULL,
    magasin_id bigint NOT NULL,
    user_id bigint NOT NULL
);


ALTER TABLE public.back_magasin_created_by OWNER TO postgres;

--
-- Name: back_magasin_created_by_id_seq; Type: SEQUENCE; Schema: public; Owner: postgres
--

ALTER TABLE public.back_magasin_created_by ALTER COLUMN id ADD GENERATED BY DEFAULT AS IDENTITY (
    SEQUENCE NAME public.back_magasin_created_by_id_seq
    START WITH 1
    INCREMENT BY 1
    NO MINVALUE
    NO MAXVALUE
    CACHE 1
);


--
-- Name: back_magasin_id_seq; Type: SEQUENCE; Schema: public; Owner: postgres
--

ALTER TABLE public.back_magasin ALTER COLUMN id ADD GENERATED BY DEFAULT AS IDENTITY (
    SEQUENCE NAME public.back_magasin_id_seq
    START WITH 1
    INCREMENT BY 1
    NO MINVALUE
    NO MAXVALUE
    CACHE 1
);


--
-- Name: back_planningentry; Type: TABLE; Schema: public; Owner: postgres
--

CREATE TABLE public.back_planningentry (
    id bigint NOT NULL,
    date date NOT NULL,
    start_hour time without time zone,
    end_hour time without time zone,
    label character varying(10) NOT NULL,
    created_at timestamp with time zone NOT NULL,
    user_id bigint NOT NULL
);


ALTER TABLE public.back_planningentry OWNER TO postgres;

--
-- Name: back_planning_id_seq; Type: SEQUENCE; Schema: public; Owner: postgres
--

ALTER TABLE public.back_planningentry ALTER COLUMN id ADD GENERATED BY DEFAULT AS IDENTITY (
    SEQUENCE NAME public.back_planning_id_seq
    START WITH 1
    INCREMENT BY 1
    NO MINVALUE
    NO MAXVALUE
    CACHE 1
);


--
-- Name: back_user; Type: TABLE; Schema: public; Owner: postgres
--

CREATE TABLE public.back_user (
    id bigint NOT NULL,
    password character varying(128) NOT NULL,
    last_login timestamp with time zone,
    is_superuser boolean NOT NULL,
    first_name character varying(150) NOT NULL,
    last_name character varying(150) NOT NULL,
    is_staff boolean NOT NULL,
    is_active boolean NOT NULL,
    date_joined timestamp with time zone NOT NULL,
    username character varying(50) NOT NULL,
    email character varying(254) NOT NULL,
    role character varying(15) NOT NULL,
    admin_id bigint,
    contrat_id bigint
);


ALTER TABLE public.back_user OWNER TO postgres;

--
-- Name: back_user_groups; Type: TABLE; Schema: public; Owner: postgres
--

CREATE TABLE public.back_user_groups (
    id bigint NOT NULL,
    user_id bigint NOT NULL,
    group_id integer NOT NULL
);


ALTER TABLE public.back_user_groups OWNER TO postgres;

--
-- Name: back_user_groups_id_seq; Type: SEQUENCE; Schema: public; Owner: postgres
--

ALTER TABLE public.back_user_groups ALTER COLUMN id ADD GENERATED BY DEFAULT AS IDENTITY (
    SEQUENCE NAME public.back_user_groups_id_seq
    START WITH 1
    INCREMENT BY 1
    NO MINVALUE
    NO MAXVALUE
    CACHE 1
);


--
-- Name: back_user_id_seq; Type: SEQUENCE; Schema: public; Owner: postgres
--

ALTER TABLE public.back_user ALTER COLUMN id ADD GENERATED BY DEFAULT AS IDENTITY (
    SEQUENCE NAME public.back_user_id_seq
    START WITH 1
    INCREMENT BY 1
    NO MINVALUE
    NO MAXVALUE
    CACHE 1
);


--
-- Name: back_user_magasin; Type: TABLE; Schema: public; Owner: postgres
--

CREATE TABLE public.back_user_magasin (
    id bigint NOT NULL,
    user_id bigint NOT NULL,
    magasin_id bigint NOT NULL
);


ALTER TABLE public.back_user_magasin OWNER TO postgres;

--
-- Name: back_user_magasin_id_seq; Type: SEQUENCE; Schema: public; Owner: postgres
--

ALTER TABLE public.back_user_magasin ALTER COLUMN id ADD GENERATED BY DEFAULT AS IDENTITY (
    SEQUENCE NAME public.back_user_magasin_id_seq
    START WITH 1
    INCREMENT BY 1
    NO MINVALUE
    NO MAXVALUE
    CACHE 1
);


--
-- Name: back_user_user_permissions; Type: TABLE; Schema: public; Owner: postgres
--

CREATE TABLE public.back_user_user_permissions (
    id bigint NOT NULL,
    user_id bigint NOT NULL,
    permission_id integer NOT NULL
);


ALTER TABLE public.back_user_user_permissions OWNER TO postgres;

--
-- Name: back_user_user_permissions_id_seq; Type: SEQUENCE; Schema: public; Owner: postgres
--

ALTER TABLE public.back_user_user_permissions ALTER COLUMN id ADD GENERATED BY DEFAULT AS IDENTITY (
    SEQUENCE NAME public.back_user_user_permissions_id_seq
    START WITH 1
    INCREMENT BY 1
    NO MINVALUE
    NO MAXVALUE
    CACHE 1
);


--
-- Name: back_vacation; Type: TABLE; Schema: public; Owner: postgres
--

CREATE TABLE public.back_vacation (
    id bigint NOT NULL,
    start_day date NOT NULL,
    end_day date NOT NULL,
    user_id bigint NOT NULL,
    status character varying(10) NOT NULL
);


ALTER TABLE public.back_vacation OWNER TO postgres;

--
-- Name: back_vacation_id_seq; Type: SEQUENCE; Schema: public; Owner: postgres
--

ALTER TABLE public.back_vacation ALTER COLUMN id ADD GENERATED BY DEFAULT AS IDENTITY (
    SEQUENCE NAME public.back_vacation_id_seq
    START WITH 1
    INCREMENT BY 1
    NO MINVALUE
    NO MAXVALUE
    CACHE 1
);


--
-- Name: back_workingday; Type: TABLE; Schema: public; Owner: postgres
--

CREATE TABLE public.back_workingday (
    id bigint NOT NULL,
    working_day character varying(10)[],
    start_job time without time zone,
    end_job time without time zone,
    user_id bigint NOT NULL
);


ALTER TABLE public.back_workingday OWNER TO postgres;

--
-- Name: back_workingday_id_seq; Type: SEQUENCE; Schema: public; Owner: postgres
--

ALTER TABLE public.back_workingday ALTER COLUMN id ADD GENERATED BY DEFAULT AS IDENTITY (
    SEQUENCE NAME public.back_workingday_id_seq
    START WITH 1
    INCREMENT BY 1
    NO MINVALUE
    NO MAXVALUE
    CACHE 1
);


--
-- Name: django_admin_log; Type: TABLE; Schema: public; Owner: postgres
--

CREATE TABLE public.django_admin_log (
    id integer NOT NULL,
    action_time timestamp with time zone NOT NULL,
    object_id text,
    object_repr character varying(200) NOT NULL,
    action_flag smallint NOT NULL,
    change_message text NOT NULL,
    content_type_id integer,
    user_id bigint NOT NULL,
    CONSTRAINT django_admin_log_action_flag_check CHECK ((action_flag >= 0))
);


ALTER TABLE public.django_admin_log OWNER TO postgres;

--
-- Name: django_admin_log_id_seq; Type: SEQUENCE; Schema: public; Owner: postgres
--

ALTER TABLE public.django_admin_log ALTER COLUMN id ADD GENERATED BY DEFAULT AS IDENTITY (
    SEQUENCE NAME public.django_admin_log_id_seq
    START WITH 1
    INCREMENT BY 1
    NO MINVALUE
    NO MAXVALUE
    CACHE 1
);


--
-- Name: django_content_type; Type: TABLE; Schema: public; Owner: postgres
--

CREATE TABLE public.django_content_type (
    id integer NOT NULL,
    app_label character varying(100) NOT NULL,
    model character varying(100) NOT NULL
);


ALTER TABLE public.django_content_type OWNER TO postgres;

--
-- Name: django_content_type_id_seq; Type: SEQUENCE; Schema: public; Owner: postgres
--

ALTER TABLE public.django_content_type ALTER COLUMN id ADD GENERATED BY DEFAULT AS IDENTITY (
    SEQUENCE NAME public.django_content_type_id_seq
    START WITH 1
    INCREMENT BY 1
    NO MINVALUE
    NO MAXVALUE
    CACHE 1
);


--
-- Name: django_migrations; Type: TABLE; Schema: public; Owner: postgres
--

CREATE TABLE public.django_migrations (
    id bigint NOT NULL,
    app character varying(255) NOT NULL,
    name character varying(255) NOT NULL,
    applied timestamp with time zone NOT NULL
);


ALTER TABLE public.django_migrations OWNER TO postgres;

--
-- Name: django_migrations_id_seq; Type: SEQUENCE; Schema: public; Owner: postgres
--

ALTER TABLE public.django_migrations ALTER COLUMN id ADD GENERATED BY DEFAULT AS IDENTITY (
    SEQUENCE NAME public.django_migrations_id_seq
    START WITH 1
    INCREMENT BY 1
    NO MINVALUE
    NO MAXVALUE
    CACHE 1
);


--
-- Name: django_rest_passwordreset_resetpasswordtoken; Type: TABLE; Schema: public; Owner: postgres
--

CREATE TABLE public.django_rest_passwordreset_resetpasswordtoken (
    created_at timestamp with time zone NOT NULL,
    key character varying(64) NOT NULL,
    ip_address inet,
    user_agent character varying(512) NOT NULL,
    user_id bigint NOT NULL,
    id integer NOT NULL
);


ALTER TABLE public.django_rest_passwordreset_resetpasswordtoken OWNER TO postgres;

--
-- Name: django_rest_passwordreset_resetpasswordtoken_id_seq; Type: SEQUENCE; Schema: public; Owner: postgres
--

ALTER TABLE public.django_rest_passwordreset_resetpasswordtoken ALTER COLUMN id ADD GENERATED BY DEFAULT AS IDENTITY (
    SEQUENCE NAME public.django_rest_passwordreset_resetpasswordtoken_id_seq
    START WITH 1
    INCREMENT BY 1
    NO MINVALUE
    NO MAXVALUE
    CACHE 1
);


--
-- Name: django_session; Type: TABLE; Schema: public; Owner: postgres
--

CREATE TABLE public.django_session (
    session_key character varying(40) NOT NULL,
    session_data text NOT NULL,
    expire_date timestamp with time zone NOT NULL
);


ALTER TABLE public.django_session OWNER TO postgres;

--
-- Name: token_blacklist_blacklistedtoken; Type: TABLE; Schema: public; Owner: postgres
--

CREATE TABLE public.token_blacklist_blacklistedtoken (
    id bigint NOT NULL,
    blacklisted_at timestamp with time zone NOT NULL,
    token_id bigint NOT NULL
);


ALTER TABLE public.token_blacklist_blacklistedtoken OWNER TO postgres;

--
-- Name: token_blacklist_blacklistedtoken_id_seq; Type: SEQUENCE; Schema: public; Owner: postgres
--

ALTER TABLE public.token_blacklist_blacklistedtoken ALTER COLUMN id ADD GENERATED BY DEFAULT AS IDENTITY (
    SEQUENCE NAME public.token_blacklist_blacklistedtoken_id_seq
    START WITH 1
    INCREMENT BY 1
    NO MINVALUE
    NO MAXVALUE
    CACHE 1
);


--
-- Name: token_blacklist_outstandingtoken; Type: TABLE; Schema: public; Owner: postgres
--

CREATE TABLE public.token_blacklist_outstandingtoken (
    id bigint NOT NULL,
    jti character varying(255) NOT NULL,
    token text NOT NULL,
    created_at timestamp with time zone,
    expires_at timestamp with time zone NOT NULL,
    user_id bigint
);


ALTER TABLE public.token_blacklist_outstandingtoken OWNER TO postgres;

--
-- Name: token_blacklist_outstandingtoken_id_seq; Type: SEQUENCE; Schema: public; Owner: postgres
--

ALTER TABLE public.token_blacklist_outstandingtoken ALTER COLUMN id ADD GENERATED BY DEFAULT AS IDENTITY (
    SEQUENCE NAME public.token_blacklist_outstandingtoken_id_seq
    START WITH 1
    INCREMENT BY 1
    NO MINVALUE
    NO MAXVALUE
    CACHE 1
);


--
-- Data for Name: auth_group; Type: TABLE DATA; Schema: public; Owner: postgres
--

COPY public.auth_group (id, name) FROM stdin;
\.


--
-- Data for Name: auth_group_permissions; Type: TABLE DATA; Schema: public; Owner: postgres
--

COPY public.auth_group_permissions (id, group_id, permission_id) FROM stdin;
\.


--
-- Data for Name: auth_permission; Type: TABLE DATA; Schema: public; Owner: postgres
--

COPY public.auth_permission (id, name, content_type_id, codename) FROM stdin;
1	Can add contrat	1	add_contrat
2	Can change contrat	1	change_contrat
3	Can delete contrat	1	delete_contrat
4	Can view contrat	1	view_contrat
5	Can add user	2	add_user
6	Can change user	2	change_user
7	Can delete user	2	delete_user
8	Can view user	2	view_user
9	Can add magasin	3	add_magasin
10	Can change magasin	3	change_magasin
11	Can delete magasin	3	delete_magasin
12	Can view magasin	3	view_magasin
13	Can add working day	4	add_workingday
14	Can change working day	4	change_workingday
15	Can delete working day	4	delete_workingday
16	Can view working day	4	view_workingday
17	Can add log entry	5	add_logentry
18	Can change log entry	5	change_logentry
19	Can delete log entry	5	delete_logentry
20	Can view log entry	5	view_logentry
21	Can add permission	6	add_permission
22	Can change permission	6	change_permission
23	Can delete permission	6	delete_permission
24	Can view permission	6	view_permission
25	Can add group	7	add_group
26	Can change group	7	change_group
27	Can delete group	7	delete_group
28	Can view group	7	view_group
29	Can add content type	8	add_contenttype
30	Can change content type	8	change_contenttype
31	Can delete content type	8	delete_contenttype
32	Can view content type	8	view_contenttype
33	Can add session	9	add_session
34	Can change session	9	change_session
35	Can delete session	9	delete_session
36	Can view session	9	view_session
37	Can add outstanding token	10	add_outstandingtoken
38	Can change outstanding token	10	change_outstandingtoken
39	Can delete outstanding token	10	delete_outstandingtoken
40	Can view outstanding token	10	view_outstandingtoken
41	Can add blacklisted token	11	add_blacklistedtoken
42	Can change blacklisted token	11	change_blacklistedtoken
43	Can delete blacklisted token	11	delete_blacklistedtoken
44	Can view blacklisted token	11	view_blacklistedtoken
45	Can add vacation	12	add_vacation
46	Can change vacation	12	change_vacation
47	Can delete vacation	12	delete_vacation
48	Can view vacation	12	view_vacation
49	Can add Password Reset Token	13	add_resetpasswordtoken
50	Can change Password Reset Token	13	change_resetpasswordtoken
51	Can delete Password Reset Token	13	delete_resetpasswordtoken
52	Can view Password Reset Token	13	view_resetpasswordtoken
53	Can add planning	14	add_planning
54	Can change planning	14	change_planning
55	Can delete planning	14	delete_planning
56	Can view planning	14	view_planning
57	Can add planning entry	14	add_planningentry
58	Can change planning entry	14	change_planningentry
59	Can delete planning entry	14	delete_planningentry
60	Can view planning entry	14	view_planningentry
\.


--
-- Data for Name: back_contrat; Type: TABLE DATA; Schema: public; Owner: postgres
--

COPY public.back_contrat (id, contrat_name) FROM stdin;
1	cdi
2	cdd
\.


--
-- Data for Name: back_magasin; Type: TABLE DATA; Schema: public; Owner: postgres
--

COPY public.back_magasin (id, shop_name) FROM stdin;
3	Boutique  2
5	Boutique Test 3
1	Boutique1
\.


--
-- Data for Name: back_magasin_created_by; Type: TABLE DATA; Schema: public; Owner: postgres
--

COPY public.back_magasin_created_by (id, magasin_id, user_id) FROM stdin;
1	1	1
3	3	1
5	5	1
\.


--
-- Data for Name: back_planningentry; Type: TABLE DATA; Schema: public; Owner: postgres
--

COPY public.back_planningentry (id, date, start_hour, end_hour, label, created_at, user_id) FROM stdin;
636	2025-07-01	09:00:00	17:00:00	Travail	2025-07-07 21:29:51.704106+02	8
637	2025-07-02	09:00:00	17:00:00	Travail	2025-07-07 21:29:51.711173+02	8
638	2025-07-07	09:00:00	17:00:00	Travail	2025-07-07 21:29:51.717142+02	8
639	2025-07-08	09:00:00	17:00:00	Travail	2025-07-07 21:29:51.720357+02	8
640	2025-07-09	09:00:00	17:00:00	Travail	2025-07-07 21:29:51.723412+02	8
641	2025-07-14	09:00:00	17:00:00	Travail	2025-07-07 21:29:51.729097+02	8
642	2025-07-15	09:00:00	17:00:00	Travail	2025-07-07 21:29:51.735738+02	8
643	2025-07-16	09:00:00	17:00:00	Travail	2025-07-07 21:29:51.739753+02	8
644	2025-07-21	09:00:00	17:00:00	Travail	2025-07-07 21:29:51.74269+02	8
645	2025-07-22	09:00:00	17:00:00	Travail	2025-07-07 21:29:51.745217+02	8
646	2025-07-23	09:00:00	17:00:00	Travail	2025-07-07 21:29:51.74879+02	8
647	2025-07-28	09:00:00	17:00:00	Travail	2025-07-07 21:29:51.751661+02	8
648	2025-07-29	09:00:00	17:00:00	Travail	2025-07-07 21:29:51.757103+02	8
649	2025-07-30	09:00:00	17:00:00	Travail	2025-07-07 21:29:51.759753+02	8
650	2025-07-01	10:00:00	17:00:00	Travail	2025-07-07 21:29:51.76698+02	6
651	2025-07-02	10:00:00	17:00:00	Travail	2025-07-07 21:29:51.770678+02	6
652	2025-07-03	10:00:00	17:00:00	Travail	2025-07-07 21:29:51.772994+02	6
653	2025-07-05	10:00:00	17:00:00	Travail	2025-07-07 21:29:51.776887+02	6
654	2025-07-07	10:00:00	17:00:00	Travail	2025-07-07 21:29:51.779694+02	6
655	2025-07-08	10:00:00	17:00:00	Travail	2025-07-07 21:29:51.782006+02	6
656	2025-07-09	10:00:00	17:00:00	Travail	2025-07-07 21:29:51.784247+02	6
657	2025-07-10	10:00:00	17:00:00	Travail	2025-07-07 21:29:51.786571+02	6
658	2025-07-12	10:00:00	17:00:00	Travail	2025-07-07 21:29:51.790022+02	6
659	2025-07-14	10:00:00	17:00:00	Travail	2025-07-07 21:29:51.792976+02	6
660	2025-07-15	10:00:00	17:00:00	Travail	2025-07-07 21:29:51.798743+02	6
661	2025-07-16	10:00:00	17:00:00	Travail	2025-07-07 21:29:51.803021+02	6
662	2025-07-17	10:00:00	17:00:00	Travail	2025-07-07 21:29:51.805719+02	6
663	2025-07-19	10:00:00	17:00:00	Travail	2025-07-07 21:29:51.811023+02	6
664	2025-07-21	10:00:00	17:00:00	Travail	2025-07-07 21:29:51.81482+02	6
665	2025-07-22	10:00:00	17:00:00	Travail	2025-07-07 21:29:51.818275+02	6
666	2025-07-23	10:00:00	17:00:00	Travail	2025-07-07 21:29:51.822777+02	6
667	2025-07-24	10:00:00	17:00:00	Travail	2025-07-07 21:29:51.82633+02	6
668	2025-07-26	10:00:00	17:00:00	Travail	2025-07-07 21:29:51.830473+02	6
669	2025-07-28	10:00:00	17:00:00	Travail	2025-07-07 21:29:51.833822+02	6
670	2025-07-29	10:00:00	17:00:00	Travail	2025-07-07 21:29:51.838579+02	6
671	2025-07-30	10:00:00	17:00:00	Travail	2025-07-07 21:29:51.845178+02	6
672	2025-07-31	10:00:00	17:00:00	Travail	2025-07-07 21:29:51.851226+02	6
673	2025-07-01	11:00:00	19:00:00	Travail	2025-07-07 21:29:51.861124+02	14
674	2025-07-02	11:00:00	19:00:00	Travail	2025-07-07 21:29:51.865095+02	14
675	2025-07-03	11:00:00	19:00:00	Travail	2025-07-07 21:29:51.870723+02	14
676	2025-07-04	11:00:00	19:00:00	Travail	2025-07-07 21:29:51.878431+02	14
677	2025-07-05	11:00:00	19:00:00	Travail	2025-07-07 21:29:51.882816+02	14
678	2025-07-07	11:00:00	19:00:00	Travail	2025-07-07 21:29:51.885393+02	14
679	2025-07-08	11:00:00	19:00:00	Travail	2025-07-07 21:29:51.888873+02	14
680	2025-07-09	11:00:00	19:00:00	Travail	2025-07-07 21:29:51.890904+02	14
681	2025-07-10	11:00:00	19:00:00	Travail	2025-07-07 21:29:51.893121+02	14
682	2025-07-11	11:00:00	19:00:00	Travail	2025-07-07 21:29:51.901356+02	14
683	2025-07-12	11:00:00	19:00:00	Travail	2025-07-07 21:29:51.90384+02	14
684	2025-07-14	11:00:00	19:00:00	Travail	2025-07-07 21:29:51.906473+02	14
685	2025-07-15	11:00:00	19:00:00	Travail	2025-07-07 21:29:51.911245+02	14
686	2025-07-16	11:00:00	19:00:00	Travail	2025-07-07 21:29:51.92018+02	14
687	2025-07-17	11:00:00	19:00:00	Travail	2025-07-07 21:29:51.923585+02	14
688	2025-07-18	11:00:00	19:00:00	Travail	2025-07-07 21:29:51.928048+02	14
689	2025-07-19	11:00:00	19:00:00	Travail	2025-07-07 21:29:51.93155+02	14
690	2025-07-21	11:00:00	19:00:00	Travail	2025-07-07 21:29:51.934043+02	14
691	2025-07-22	11:00:00	19:00:00	Travail	2025-07-07 21:29:51.937838+02	14
692	2025-07-23	11:00:00	19:00:00	Travail	2025-07-07 21:29:51.941339+02	14
693	2025-07-24	11:00:00	19:00:00	Travail	2025-07-07 21:29:51.944906+02	14
694	2025-07-25	11:00:00	19:00:00	Travail	2025-07-07 21:29:51.949239+02	14
695	2025-07-26	11:00:00	19:00:00	Travail	2025-07-07 21:29:51.952568+02	14
696	2025-07-28	11:00:00	19:00:00	Travail	2025-07-07 21:29:51.957548+02	14
697	2025-07-29	11:00:00	19:00:00	Travail	2025-07-07 21:29:51.960826+02	14
698	2025-07-30	11:00:00	19:00:00	Travail	2025-07-07 21:29:51.964638+02	14
699	2025-07-31	11:00:00	19:00:00	Travail	2025-07-07 21:29:51.968358+02	14
700	2025-07-01	12:00:00	20:00:00	Travail	2025-07-07 21:29:51.974323+02	15
701	2025-07-02	12:00:00	20:00:00	Travail	2025-07-07 21:29:51.977578+02	15
702	2025-07-03	12:00:00	20:00:00	Travail	2025-07-07 21:29:51.980071+02	15
703	2025-07-04	12:00:00	20:00:00	Travail	2025-07-07 21:29:51.983797+02	15
704	2025-07-05	12:00:00	20:00:00	Travail	2025-07-07 21:29:51.990698+02	15
705	2025-07-07	12:00:00	20:00:00	Travail	2025-07-07 21:29:51.993483+02	15
706	2025-07-08	12:00:00	20:00:00	Travail	2025-07-07 21:29:51.997997+02	15
707	2025-07-09	12:00:00	20:00:00	Travail	2025-07-07 21:29:52.000201+02	15
708	2025-07-10	12:00:00	20:00:00	Travail	2025-07-07 21:29:52.003757+02	15
709	2025-07-11	12:00:00	20:00:00	Travail	2025-07-07 21:29:52.006271+02	15
710	2025-07-12	12:00:00	20:00:00	Travail	2025-07-07 21:29:52.011593+02	15
711	2025-07-14	12:00:00	20:00:00	Travail	2025-07-07 21:29:52.015861+02	15
712	2025-07-15	12:00:00	20:00:00	Travail	2025-07-07 21:29:52.019048+02	15
713	2025-07-16	12:00:00	20:00:00	Travail	2025-07-07 21:29:52.021422+02	15
714	2025-07-17	12:00:00	20:00:00	Travail	2025-07-07 21:29:52.023901+02	15
715	2025-07-18	12:00:00	20:00:00	Travail	2025-07-07 21:29:52.026662+02	15
716	2025-07-19	12:00:00	20:00:00	Travail	2025-07-07 21:29:52.029761+02	15
717	2025-07-21	12:00:00	20:00:00	Travail	2025-07-07 21:29:52.031259+02	15
718	2025-07-22	12:00:00	20:00:00	Travail	2025-07-07 21:29:52.032938+02	15
719	2025-07-23	12:00:00	20:00:00	Travail	2025-07-07 21:29:52.036389+02	15
720	2025-07-24	12:00:00	20:00:00	Travail	2025-07-07 21:29:52.040859+02	15
721	2025-07-25	12:00:00	20:00:00	Travail	2025-07-07 21:29:52.043295+02	15
722	2025-07-26	12:00:00	20:00:00	Travail	2025-07-07 21:29:52.045495+02	15
723	2025-07-28	12:00:00	20:00:00	Travail	2025-07-07 21:29:52.048795+02	15
724	2025-07-29	12:00:00	20:00:00	Travail	2025-07-07 21:29:52.052125+02	15
725	2025-07-30	12:00:00	20:00:00	Travail	2025-07-07 21:29:52.057124+02	15
726	2025-07-31	12:00:00	20:00:00	Travail	2025-07-07 21:29:52.060361+02	15
727	2025-07-01	09:00:00	17:00:00	Travail	2025-07-07 21:29:52.069812+02	9
728	2025-07-02	09:00:00	17:00:00	Travail	2025-07-07 21:29:52.072996+02	9
729	2025-07-07	09:00:00	17:00:00	Travail	2025-07-07 21:29:52.077139+02	9
730	2025-07-08	\N	\N	Vacances	2025-07-07 21:29:52.079663+02	9
731	2025-07-09	\N	\N	Vacances	2025-07-07 21:29:52.081822+02	9
732	2025-07-10	\N	\N	Vacances	2025-07-07 21:29:52.084049+02	9
733	2025-07-11	\N	\N	Vacances	2025-07-07 21:29:52.086039+02	9
734	2025-07-12	\N	\N	Vacances	2025-07-07 21:29:52.090397+02	9
735	2025-07-13	\N	\N	Vacances	2025-07-07 21:29:52.095432+02	9
736	2025-07-14	\N	\N	Vacances	2025-07-07 21:29:52.098255+02	9
737	2025-07-15	\N	\N	Vacances	2025-07-07 21:29:52.100264+02	9
738	2025-07-16	\N	\N	Vacances	2025-07-07 21:29:52.102304+02	9
739	2025-07-17	\N	\N	Vacances	2025-07-07 21:29:52.104366+02	9
740	2025-07-18	\N	\N	Vacances	2025-07-07 21:29:52.107736+02	9
741	2025-07-19	\N	\N	Vacances	2025-07-07 21:29:52.110476+02	9
742	2025-07-20	\N	\N	Vacances	2025-07-07 21:29:52.114453+02	9
743	2025-07-21	\N	\N	Vacances	2025-07-07 21:29:52.1225+02	9
744	2025-07-22	\N	\N	Vacances	2025-07-07 21:29:52.126348+02	9
745	2025-07-23	09:00:00	17:00:00	Travail	2025-07-07 21:29:52.131975+02	9
746	2025-07-28	09:00:00	17:00:00	Travail	2025-07-07 21:29:52.144886+02	9
747	2025-07-29	09:00:00	17:00:00	Travail	2025-07-07 21:29:52.153351+02	9
748	2025-07-30	09:00:00	17:00:00	Travail	2025-07-07 21:29:52.156699+02	9
\.


--
-- Data for Name: back_user; Type: TABLE DATA; Schema: public; Owner: postgres
--

COPY public.back_user (id, password, last_login, is_superuser, first_name, last_name, is_staff, is_active, date_joined, username, email, role, admin_id, contrat_id) FROM stdin;
8	pbkdf2_sha256$870000$5hyXU5ZpZ5bL18RwUiwbdU$3S1nIWQLbJVhlfv3nGCClRrUBv8zZfHUEwg1FT1H1L0=	\N	f		gomez	f	t	2025-05-09 15:32:04.610435+02	selena	selenagomez@gmail.com	employe	1	1
10	pbkdf2_sha256$870000$v5vgcskvUV1H5dY1LKmHJj$n5gKHBHg779PQEr+aDLT8yDxteo7Yq+wrIyc3aSLbt8=	\N	f		Lopez	f	t	2025-05-09 15:43:18.815375+02	Jennifer	jenniferlopez@gmail.com	employe	1	1
12	pbkdf2_sha256$870000$Bs1TKo0DEYKol7TlqE48hQ$kislC05OYDbv+jhvdx2UuZpXzfmxMoI+IZTFBDyaOOk=	\N	f		Hanks	f	t	2025-05-23 15:53:59.40446+02	Tom	tomhanks@gmail.com	superadmin	\N	\N
13	pbkdf2_sha256$870000$VIJ9sCl75nxFarjMtaEu8z$uT3+46UkqvxB2DOzjh0mIFfp5h3PdtA6s7X17biC7hQ=	\N	f		François	f	t	2025-05-23 16:18:52.998824+02	Claude	claudefrancois@gmail.com	superadmin	\N	\N
6	pbkdf2_sha256$870000$kgkapKrXwTFaM5xiRXCixO$ZZgqSQt1VCORG4a78avHvhJZJ89QLqW0tzfaqYmtGNQ=	\N	f		Cruise	f	t	2025-05-05 15:39:26.184271+02	Tom	tomcruise@gmail.com	admin	1	1
14	Password@1	\N	f		Hiddleston	f	t	2025-05-31 17:42:31.080732+02	Tom	tomhiddleston@gmail.com	employe	1	1
15	Password@1	\N	f		Cavill	f	t	2025-06-24 20:54:43.359271+02	Henry	henrycavill@gmail.com	employe	1	1
1	pbkdf2_sha256$870000$AAAMjLOQlReWWocWdeRr9Q$9rJhKqrlBPhCD+hXKbYAaaCqUohDu1DIH006cZBMipU=	\N	f		Holland	f	t	2025-05-02 11:18:35.520933+02	Tom	tomholland@gmail.com	superadmin	\N	\N
9	pbkdf2_sha256$870000$jDZ2dKEaheBiGi4gEEa5Ot$sJ8F+l74tGAY9B4guT5JyI/jzRWTT/gCaA4fP89gJqk=	\N	f		Carter	f	t	2025-05-09 15:34:28.784591+02	beyonce	beyoncecarter@gmail.com	employe	1	1
16	Password@1	\N	f		Jackman	f	t	2025-07-20 16:54:04.282797+02	Hugh	hughjackman@gmail.com	employe	1	1
17	pbkdf2_sha256$870000$vP8ztJ9VLJYM3oT4RjKr7u$lONWm3EEeq2mc3aXLJ8gD2rFdvCHq736k1jHyM0F1bk=	\N	f		Cooper	f	t	2025-07-20 17:47:10.617719+02	Bradley	bradleycooper@gmail.com	employe	1	1
18	pbkdf2_sha256$870000$ourUHQKymjFVkP33hNQS1J$mnoBNY4Q8M3WjRgnLDxeytmoPrJTHswE+h++wyt3az0=	\N	f		Olyphant	f	t	2025-07-21 15:22:33.263232+02	Timothy	timothyolyphant@gmail.com	employe	1	1
19	pbkdf2_sha256$870000$KeItFIPb7cKUwzxyDmVZGx$eAR/dE0C8wIn2QtVIO9wBA0uZXhlxY5/GY7FqyQV8lI=	\N	f		Eastwood	f	t	2025-07-21 16:41:51.156953+02	Clint	clinteaswood@gmail.com	employe	1	1
20	pbkdf2_sha256$870000$TgyOhxGJPF90CChGx5BpQ9$WsVLEBQspagSaLX7SOYcP0nP+m6VOiXFadRMo29NgHs=	\N	f		Grande	f	t	2025-07-21 18:16:41.072019+02	Ariana	arianagrande@gmail.com	employe	1	1
\.


--
-- Data for Name: back_user_groups; Type: TABLE DATA; Schema: public; Owner: postgres
--

COPY public.back_user_groups (id, user_id, group_id) FROM stdin;
\.


--
-- Data for Name: back_user_magasin; Type: TABLE DATA; Schema: public; Owner: postgres
--

COPY public.back_user_magasin (id, user_id, magasin_id) FROM stdin;
5	6	1
7	8	1
8	9	1
9	10	1
12	14	1
14	15	1
15	15	3
16	16	3
17	16	1
18	17	1
19	18	3
20	18	5
21	19	3
22	20	3
23	20	5
\.


--
-- Data for Name: back_user_user_permissions; Type: TABLE DATA; Schema: public; Owner: postgres
--

COPY public.back_user_user_permissions (id, user_id, permission_id) FROM stdin;
\.


--
-- Data for Name: back_vacation; Type: TABLE DATA; Schema: public; Owner: postgres
--

COPY public.back_vacation (id, start_day, end_day, user_id, status) FROM stdin;
2	2025-04-10	2025-04-20	9	accepted
1	2025-04-10	2025-04-20	6	accepted
3	2025-06-03	2025-06-30	1	accepted
4	2025-07-08	2025-07-22	9	accepted
5	2025-07-15	2025-07-30	1	accepted
\.


--
-- Data for Name: back_workingday; Type: TABLE DATA; Schema: public; Owner: postgres
--

COPY public.back_workingday (id, working_day, start_job, end_job, user_id) FROM stdin;
4	{Lundi,Mardi,Mercredi}	09:00:00	17:00:00	8
5	{Lundi,Mardi,Mercredi}	09:00:00	17:00:00	9
6	{}	09:00:00	17:00:00	10
11	{Lundi,Mardi,Mercredi,Jeudi,Samedi}	10:00:00	17:00:00	6
13	{Lundi,Mardi,Mercredi,Jeudi,Vendredi,Samedi}	11:00:00	19:00:00	14
14	{Lundi,Mardi,Mercredi,Jeudi,Vendredi,Samedi}	12:00:00	20:00:00	15
15	{Lundi,Mardi,Mercredi,Jeudi,Dimanche}	12:00:00	20:29:00	16
16	{Lundi,Mardi,Samedi,Vendredi}	12:00:00	23:00:00	17
17	{Dimanche,Vendredi,Jeudi,Mardi}	08:00:00	17:00:00	18
18	{Lundi,Dimanche,Samedi,Jeudi,Mercredi}	08:00:00	14:00:00	19
19	{Lundi,Mardi,Dimanche,Vendredi,Jeudi}	05:00:00	13:00:00	20
\.


--
-- Data for Name: django_admin_log; Type: TABLE DATA; Schema: public; Owner: postgres
--

COPY public.django_admin_log (id, action_time, object_id, object_repr, action_flag, change_message, content_type_id, user_id) FROM stdin;
\.


--
-- Data for Name: django_content_type; Type: TABLE DATA; Schema: public; Owner: postgres
--

COPY public.django_content_type (id, app_label, model) FROM stdin;
1	back	contrat
2	back	user
3	back	magasin
4	back	workingday
5	admin	logentry
6	auth	permission
7	auth	group
8	contenttypes	contenttype
9	sessions	session
10	token_blacklist	outstandingtoken
11	token_blacklist	blacklistedtoken
12	back	vacation
13	django_rest_passwordreset	resetpasswordtoken
14	back	planningentry
\.


--
-- Data for Name: django_migrations; Type: TABLE DATA; Schema: public; Owner: postgres
--

COPY public.django_migrations (id, app, name, applied) FROM stdin;
1	contenttypes	0001_initial	2025-05-01 17:35:20.305831+02
2	contenttypes	0002_remove_content_type_name	2025-05-01 17:35:20.309751+02
3	auth	0001_initial	2025-05-01 17:35:20.336087+02
4	auth	0002_alter_permission_name_max_length	2025-05-01 17:35:20.338563+02
5	auth	0003_alter_user_email_max_length	2025-05-01 17:35:20.340853+02
6	auth	0004_alter_user_username_opts	2025-05-01 17:35:20.344092+02
7	auth	0005_alter_user_last_login_null	2025-05-01 17:35:20.346981+02
8	auth	0006_require_contenttypes_0002	2025-05-01 17:35:20.348292+02
9	auth	0007_alter_validators_add_error_messages	2025-05-01 17:35:20.351058+02
10	auth	0008_alter_user_username_max_length	2025-05-01 17:35:20.357574+02
11	auth	0009_alter_user_last_name_max_length	2025-05-01 17:35:20.360301+02
12	auth	0010_alter_group_name_max_length	2025-05-01 17:35:20.363734+02
13	auth	0011_update_proxy_permissions	2025-05-01 17:35:20.366606+02
14	auth	0012_alter_user_first_name_max_length	2025-05-01 17:35:20.369242+02
15	back	0001_initial	2025-05-01 17:35:20.434047+02
16	admin	0001_initial	2025-05-01 17:35:20.44997+02
17	admin	0002_logentry_remove_auto_add	2025-05-01 17:35:20.454357+02
18	admin	0003_logentry_add_action_flag_choices	2025-05-01 17:35:20.458521+02
19	sessions	0001_initial	2025-05-01 17:35:20.464974+02
20	token_blacklist	0001_initial	2025-05-01 17:35:20.489456+02
21	back	0002_vacation	2025-05-07 13:41:54.10292+02
22	back	0003_alter_vacation_user	2025-05-07 13:52:38.552003+02
23	back	0004_vacation_status	2025-05-07 15:58:16.1066+02
24	back	0005_remove_vacation_status	2025-05-07 16:03:42.568137+02
25	back	0006_vacation_status	2025-05-07 16:06:18.048991+02
26	back	0007_alter_workingday_user	2025-05-09 15:16:13.455752+02
27	back	0008_alter_workingday_working_day	2025-05-09 15:38:12.463539+02
28	django_rest_passwordreset	0001_initial	2025-05-15 15:17:51.429495+02
29	django_rest_passwordreset	0002_pk_migration	2025-05-15 15:17:51.473446+02
30	django_rest_passwordreset	0003_allow_blank_and_null_fields	2025-05-15 15:17:51.485346+02
31	django_rest_passwordreset	0004_alter_resetpasswordtoken_user_agent	2025-05-15 15:17:51.493409+02
32	back	0009_alter_vacation_status_planning	2025-07-02 15:27:37.474432+02
33	back	0010_rename_planning_planningentry	2025-07-02 16:50:16.685204+02
34	back	0011_alter_planningentry_end_hour_and_more	2025-07-02 16:58:24.371456+02
\.


--
-- Data for Name: django_rest_passwordreset_resetpasswordtoken; Type: TABLE DATA; Schema: public; Owner: postgres
--

COPY public.django_rest_passwordreset_resetpasswordtoken (created_at, key, ip_address, user_agent, user_id, id) FROM stdin;
2025-06-30 21:56:06.907708+02	303684965b62217e4dac644ea5afde40f561a7c501ab53c9	127.0.0.1	Mozilla/5.0 (Macintosh; Intel Mac OS X 10_15_7) AppleWebKit/605.1.15 (KHTML, like Gecko) Version/18.5 Safari/605.1.15	1	2
2025-07-21 18:16:41.08543+02	96ac84ce109a8cd9da7cbbc7015	\N		20	4
\.


--
-- Data for Name: django_session; Type: TABLE DATA; Schema: public; Owner: postgres
--

COPY public.django_session (session_key, session_data, expire_date) FROM stdin;
\.


--
-- Data for Name: token_blacklist_blacklistedtoken; Type: TABLE DATA; Schema: public; Owner: postgres
--

COPY public.token_blacklist_blacklistedtoken (id, blacklisted_at, token_id) FROM stdin;
1	2025-05-23 14:34:56.921812+02	43
2	2025-05-23 14:37:46.162118+02	44
3	2025-05-23 14:48:04.713922+02	45
4	2025-05-23 14:48:40.684944+02	46
5	2025-05-23 14:49:34.87517+02	47
6	2025-05-23 16:19:35.99306+02	49
7	2025-06-09 16:15:32.273796+02	226
8	2025-06-09 17:07:11.98835+02	230
9	2025-06-26 15:49:35.6964+02	242
10	2025-06-26 20:30:13.602748+02	244
11	2025-06-28 16:08:00.190404+02	270
12	2025-06-28 16:32:57.165233+02	272
13	2025-06-28 17:00:35.545989+02	274
14	2025-06-28 17:05:26.198991+02	275
15	2025-06-28 17:06:27.20543+02	276
16	2025-06-28 17:07:54.280124+02	277
17	2025-06-28 17:16:44.456971+02	279
18	2025-06-30 09:34:48.419427+02	290
19	2025-06-30 13:36:59.794471+02	299
\.


--
-- Data for Name: token_blacklist_outstandingtoken; Type: TABLE DATA; Schema: public; Owner: postgres
--

COPY public.token_blacklist_outstandingtoken (id, jti, token, created_at, expires_at, user_id) FROM stdin;
1	797ede27abf44ae5be539dd0910bc50f	eyJ0eXAiOiJKV1QiLCJhbGciOiJIUzI1NiJ9.eyJ0b2tlbl90eXBlIjoicmVmcmVzaCIsImV4cCI6MTc0NjI2MzkxNSwiaWF0IjoxNzQ2MTc3NTE1LCJqdGkiOiI3OTdlZGUyN2FiZjQ0YWU1YmU1MzlkZDA5MTBiYzUwZiIsInVzZXJfaWQiOjF9.bdnFZ6bVtaQEh1ZahEm79TJWOsFhMkThP56Ypa9fU6E	2025-05-02 11:18:35.525563+02	2025-05-03 11:18:35+02	1
2	bb4308d8b03c475abe3ba8535cb1e745	eyJ0eXAiOiJKV1QiLCJhbGciOiJIUzI1NiJ9.eyJ0b2tlbl90eXBlIjoicmVmcmVzaCIsImV4cCI6MTc0NjI2MzkzOCwiaWF0IjoxNzQ2MTc3NTM4LCJqdGkiOiJiYjQzMDhkOGIwM2M0NzVhYmUzYmE4NTM1Y2IxZTc0NSIsInVzZXJfaWQiOjF9.lK1ujLDHvup-UF6s0DUjjF78yErnC56fFrGG-rycv3w	2025-05-02 11:18:58.069489+02	2025-05-03 11:18:58+02	1
3	e9165ed9af784421b828012bfb110070	eyJ0eXAiOiJKV1QiLCJhbGciOiJIUzI1NiJ9.eyJ0b2tlbl90eXBlIjoicmVmcmVzaCIsImV4cCI6MTc0NjI2ODA4NSwiaWF0IjoxNzQ2MTgxNjg1LCJqdGkiOiJlOTE2NWVkOWFmNzg0NDIxYjgyODAxMmJmYjExMDA3MCIsInVzZXJfaWQiOjF9.yjgsX2SI2R7pyJyoQPDsr33W6uNki5hC56YLdZlKh6s	2025-05-02 12:28:05.365558+02	2025-05-03 12:28:05+02	1
4	154e129c135e411e865dc61aff5d5fec	eyJ0eXAiOiJKV1QiLCJhbGciOiJIUzI1NiJ9.eyJ0b2tlbl90eXBlIjoicmVmcmVzaCIsImV4cCI6MTc0NjI3MTAzNCwiaWF0IjoxNzQ2MTg0NjM0LCJqdGkiOiIxNTRlMTI5YzEzNWU0MTFlODY1ZGM2MWFmZjVkNWZlYyIsInVzZXJfaWQiOjF9.ig_DGipvvA-qsOucz240JV2btCccJGAzR74I9DbV4NQ	2025-05-02 13:17:14.034397+02	2025-05-03 13:17:14+02	1
5	542c70b9098444938beb6bf1068651f4	eyJ0eXAiOiJKV1QiLCJhbGciOiJIUzI1NiJ9.eyJ0b2tlbl90eXBlIjoicmVmcmVzaCIsImV4cCI6MTc0NjI5MDkxMSwiaWF0IjoxNzQ2MjA0NTExLCJqdGkiOiI1NDJjNzBiOTA5ODQ0NDkzOGJlYjZiZjEwNjg2NTFmNCIsInVzZXJfaWQiOjF9.fCHS3KUtDrUdkp9QYDcjVGFw5ASzgnxntbpZVKg2JXk	2025-05-02 18:48:31.213418+02	2025-05-03 18:48:31+02	1
6	05b8874e818b4853b4b488aaa9e9eddd	eyJ0eXAiOiJKV1QiLCJhbGciOiJIUzI1NiJ9.eyJ0b2tlbl90eXBlIjoicmVmcmVzaCIsImV4cCI6MTc0NjUzMTI0OCwiaWF0IjoxNzQ2NDQ0ODQ4LCJqdGkiOiIwNWI4ODc0ZTgxOGI0ODUzYjRiNDg4YWFhOWU5ZWRkZCIsInVzZXJfaWQiOjF9.sqUltcrrALib2v5YF8gsjbBczsWhMcyvRU7gdmdKSec	2025-05-05 13:34:08.160337+02	2025-05-06 13:34:08+02	1
7	3d5b93a68d47455a8f59e5d06c6e8ee1	eyJ0eXAiOiJKV1QiLCJhbGciOiJIUzI1NiJ9.eyJ0b2tlbl90eXBlIjoicmVmcmVzaCIsImV4cCI6MTc0NjUzNjU2MiwiaWF0IjoxNzQ2NDUwMTYyLCJqdGkiOiIzZDViOTNhNjhkNDc0NTVhOGY1OWU1ZDA2YzZlOGVlMSIsInVzZXJfaWQiOjF9.ItjMI31LyW9BeqV5BucSmGDbw5idTowX2hcU45Nr1EQ	2025-05-05 15:02:42.266218+02	2025-05-06 15:02:42+02	1
8	6d209ad127564ba5bf4fb923dba9862f	eyJ0eXAiOiJKV1QiLCJhbGciOiJIUzI1NiJ9.eyJ0b2tlbl90eXBlIjoicmVmcmVzaCIsImV4cCI6MTc0NjUzODM4OCwiaWF0IjoxNzQ2NDUxOTg4LCJqdGkiOiI2ZDIwOWFkMTI3NTY0YmE1YmY0ZmI5MjNkYmE5ODYyZiIsInVzZXJfaWQiOjF9.0WWaK3iVvtFkePaS_bPUHfbbgmZGdO6R16tkwBAPjno	2025-05-05 15:33:08.250354+02	2025-05-06 15:33:08+02	1
9	0a963462531e436ebf6c3f8f3d3d43aa	eyJ0eXAiOiJKV1QiLCJhbGciOiJIUzI1NiJ9.eyJ0b2tlbl90eXBlIjoicmVmcmVzaCIsImV4cCI6MTc0NjUzOTE4NywiaWF0IjoxNzQ2NDUyNzg3LCJqdGkiOiIwYTk2MzQ2MjUzMWU0MzZlYmY2YzNmOGYzZDNkNDNhYSIsInVzZXJfaWQiOjZ9.TaD4cuK_qmaC777LN5AL95hlEbURHZBB3gTGC6oQIhA	2025-05-05 15:46:27.302611+02	2025-05-06 15:46:27+02	6
10	f63ee1d4f97948a29ef833470eca4928	eyJ0eXAiOiJKV1QiLCJhbGciOiJIUzI1NiJ9.eyJ0b2tlbl90eXBlIjoicmVmcmVzaCIsImV4cCI6MTc0NjYxODgxNiwiaWF0IjoxNzQ2NTMyNDE2LCJqdGkiOiJmNjNlZTFkNGY5Nzk0OGEyOWVmODMzNDcwZWNhNDkyOCIsInVzZXJfaWQiOjF9.MmmvoqixKznFU8BgNhqGDc-WzuN1Q8EOBYQLDpl7pDw	2025-05-06 13:53:36.684542+02	2025-05-07 13:53:36+02	1
11	56430a063ed84f0a82bc4fa9f9bbad31	eyJ0eXAiOiJKV1QiLCJhbGciOiJIUzI1NiJ9.eyJ0b2tlbl90eXBlIjoicmVmcmVzaCIsImV4cCI6MTc0NjYyMjU4MCwiaWF0IjoxNzQ2NTM2MTgwLCJqdGkiOiI1NjQzMGEwNjNlZDg0ZjBhODJiYzRmYTlmOWJiYWQzMSIsInVzZXJfaWQiOjF9.-jKxwuzy1YFPH-LRPxbK_Ex1d7WPJpbueZArrbAAJuY	2025-05-06 14:56:20.469585+02	2025-05-07 14:56:20+02	1
12	75d66218dfc646a7944a2e23c8f62469	eyJ0eXAiOiJKV1QiLCJhbGciOiJIUzI1NiJ9.eyJ0b2tlbl90eXBlIjoicmVmcmVzaCIsImV4cCI6MTc0NjYyMjU5NSwiaWF0IjoxNzQ2NTM2MTk1LCJqdGkiOiI3NWQ2NjIxOGRmYzY0NmE3OTQ0YTJlMjNjOGY2MjQ2OSIsInVzZXJfaWQiOjF9.MXD-n-W8dmrldlHeHyeqNszxCIJ9MoBtBjpniPc9rIk	2025-05-06 14:56:35.078404+02	2025-05-07 14:56:35+02	1
13	8b45c7e9f7164394bc0f5ea6232b9269	eyJ0eXAiOiJKV1QiLCJhbGciOiJIUzI1NiJ9.eyJ0b2tlbl90eXBlIjoicmVmcmVzaCIsImV4cCI6MTc0NjYyNjU2MywiaWF0IjoxNzQ2NTQwMTYzLCJqdGkiOiI4YjQ1YzdlOWY3MTY0Mzk0YmMwZjVlYTYyMzJiOTI2OSIsInVzZXJfaWQiOjF9.YKVmQINAXdXxlBNJ2fw--m3TDkuhYh0tLk-nfHb2BUs	2025-05-06 16:02:43.457905+02	2025-05-07 16:02:43+02	1
14	4e722029d0a5444c9c2ab546ce13acce	eyJ0eXAiOiJKV1QiLCJhbGciOiJIUzI1NiJ9.eyJ0b2tlbl90eXBlIjoicmVmcmVzaCIsImV4cCI6MTc0NjcxNTI4NywiaWF0IjoxNzQ2NjI4ODg3LCJqdGkiOiI0ZTcyMjAyOWQwYTU0NDRjOWMyYWI1NDZjZTEzYWNjZSIsInVzZXJfaWQiOjZ9.qQEAx0dxAogVHQ1rD-c-meUCDlJbqPQA6cKhW8RxBIE	2025-05-07 16:41:27.217952+02	2025-05-08 16:41:27+02	6
15	ddb0c0571c914ed19c1c6ccee8cded8a	eyJ0eXAiOiJKV1QiLCJhbGciOiJIUzI1NiJ9.eyJ0b2tlbl90eXBlIjoicmVmcmVzaCIsImV4cCI6MTc0NjcxNTUwMSwiaWF0IjoxNzQ2NjI5MTAxLCJqdGkiOiJkZGIwYzA1NzFjOTE0ZWQxOWMxYzZjY2VlOGNkZWQ4YSIsInVzZXJfaWQiOjZ9.erQ-J8Jgf7KeTZCfWsF3ik436uVOhFMLQ3e0eCbed-c	2025-05-07 16:45:01.690118+02	2025-05-08 16:45:01+02	6
16	9986488ac8404d35869c550777877714	eyJ0eXAiOiJKV1QiLCJhbGciOiJIUzI1NiJ9.eyJ0b2tlbl90eXBlIjoicmVmcmVzaCIsImV4cCI6MTc0Njg2OTM0NiwiaWF0IjoxNzQ2NzgyOTQ2LCJqdGkiOiI5OTg2NDg4YWM4NDA0ZDM1ODY5YzU1MDc3Nzg3NzcxNCIsInVzZXJfaWQiOjF9.B_NnbmhdkiGKrAIB4sNR9fojKg--KD3OdA8oIR8FK0Y	2025-05-09 11:29:06.596984+02	2025-05-10 11:29:06+02	1
17	a2756e75144b4a2fb472bcbfe93cc916	eyJ0eXAiOiJKV1QiLCJhbGciOiJIUzI1NiJ9.eyJ0b2tlbl90eXBlIjoicmVmcmVzaCIsImV4cCI6MTc0Njg4MjA1MywiaWF0IjoxNzQ2Nzk1NjUzLCJqdGkiOiJhMjc1NmU3NTE0NGI0YTJmYjQ3MmJjYmZlOTNjYzkxNiIsInVzZXJfaWQiOjF9.b816ccPBuRTVYsiXHzfZ39jULefmvqdjR6Jr7YdTZ1U	2025-05-09 15:00:53.757976+02	2025-05-10 15:00:53+02	1
18	ac23f2a6fd4e4446ad2c91c242bf6676	eyJ0eXAiOiJKV1QiLCJhbGciOiJIUzI1NiJ9.eyJ0b2tlbl90eXBlIjoicmVmcmVzaCIsImV4cCI6MTc0Njg4NTkzOCwiaWF0IjoxNzQ2Nzk5NTM4LCJqdGkiOiJhYzIzZjJhNmZkNGU0NDQ2YWQyYzkxYzI0MmJmNjY3NiIsInVzZXJfaWQiOjl9.315fluIKnSmMo6BUrSRbZ-MaKKNvYLMaK7nkoE0BWq4	2025-05-09 16:05:38.619982+02	2025-05-10 16:05:38+02	9
19	994456db11e7412491236c2de8b5bc0b	eyJ0eXAiOiJKV1QiLCJhbGciOiJIUzI1NiJ9.eyJ0b2tlbl90eXBlIjoicmVmcmVzaCIsImV4cCI6MTc0Njg4NjIyMSwiaWF0IjoxNzQ2Nzk5ODIxLCJqdGkiOiI5OTQ0NTZkYjExZTc0MTI0OTEyMzZjMmRlOGI1YmMwYiIsInVzZXJfaWQiOjF9.-P5CGCOzf-UeTjXAQMtGxUHVZBRgzLLfQ9Lbmxr2JBE	2025-05-09 16:10:21.797206+02	2025-05-10 16:10:21+02	1
20	4babeb0bfccb48d8becfea452ba83f76	eyJ0eXAiOiJKV1QiLCJhbGciOiJIUzI1NiJ9.eyJ0b2tlbl90eXBlIjoicmVmcmVzaCIsImV4cCI6MTc0NzM5ODIzNywiaWF0IjoxNzQ3MzExODM3LCJqdGkiOiI0YmFiZWIwYmZjY2I0OGQ4YmVjZmVhNDUyYmE4M2Y3NiIsInVzZXJfaWQiOjF9.drxwQOkpXCBR6G3kUaTlA08z84jXsF0aVrj4y75OdIg	2025-05-15 14:23:57.75982+02	2025-05-16 14:23:57+02	1
21	f44807ecb2f24ec2ac673837669d9c09	eyJ0eXAiOiJKV1QiLCJhbGciOiJIUzI1NiJ9.eyJ0b2tlbl90eXBlIjoicmVmcmVzaCIsImV4cCI6MTc0NzY1NjQwNywiaWF0IjoxNzQ3NTcwMDA3LCJqdGkiOiJmNDQ4MDdlY2IyZjI0ZWMyYWM2NzM4Mzc2NjlkOWMwOSIsInVzZXJfaWQiOjF9.5Pds_6N273aBq9XI1ZBRk75vM20H62DKeC7G61MLyfc	2025-05-18 14:06:47.816427+02	2025-05-19 14:06:47+02	1
22	fee2e1194f554a6aaf679cfbe02f0ebd	eyJ0eXAiOiJKV1QiLCJhbGciOiJIUzI1NiJ9.eyJ0b2tlbl90eXBlIjoicmVmcmVzaCIsImV4cCI6MTc0ODAxMDU1OCwiaWF0IjoxNzQ3OTI0MTU4LCJqdGkiOiJmZWUyZTExOTRmNTU0YTZhYWY2NzljZmJlMDJmMGViZCIsInVzZXJfaWQiOjF9.aTmcb4uxLltiC3Pl6DpEBtr9DfvqYbZPnd454EQLi1A	2025-05-22 16:29:18.634164+02	2025-05-23 16:29:18+02	1
23	a41bbf7ff0b04e0ca064c67befce4aac	eyJ0eXAiOiJKV1QiLCJhbGciOiJIUzI1NiJ9.eyJ0b2tlbl90eXBlIjoicmVmcmVzaCIsImV4cCI6MTc0ODAxMTE0MywiaWF0IjoxNzQ3OTI0NzQzLCJqdGkiOiJhNDFiYmY3ZmYwYjA0ZTBjYTA2NGM2N2JlZmNlNGFhYyIsInVzZXJfaWQiOjF9.jscRkdeKiNgoCnTi6Xbwk5hRlO3noNEwLMa0aMSd2gk	2025-05-22 16:39:03.814314+02	2025-05-23 16:39:03+02	1
24	2b645751bd6b49a2bbc9b81978629c49	eyJ0eXAiOiJKV1QiLCJhbGciOiJIUzI1NiJ9.eyJ0b2tlbl90eXBlIjoicmVmcmVzaCIsImV4cCI6MTc0ODAxNDAzNiwiaWF0IjoxNzQ3OTI3NjM2LCJqdGkiOiIyYjY0NTc1MWJkNmI0OWEyYmJjOWI4MTk3ODYyOWM0OSIsInVzZXJfaWQiOjF9.St8qWcnnQ_hIUcdhanNaTEFysg3y8SpMazbM5QJ6Juo	2025-05-22 17:27:16.018335+02	2025-05-23 17:27:16+02	1
25	4a1279ddbf6d4d0e92a89b9ccaef1a16	eyJ0eXAiOiJKV1QiLCJhbGciOiJIUzI1NiJ9.eyJ0b2tlbl90eXBlIjoicmVmcmVzaCIsImV4cCI6MTc0ODAxNTk1MCwiaWF0IjoxNzQ3OTI5NTUwLCJqdGkiOiI0YTEyNzlkZGJmNmQ0ZDBlOTJhODliOWNjYWVmMWExNiIsInVzZXJfaWQiOjF9.3xix2j72fsR3t0GQSMVrARVUwJaFffdPWBYwd5PAdy0	2025-05-22 17:59:10.879685+02	2025-05-23 17:59:10+02	1
26	ffb9aaca197a4a0bbf7a0fb1cacfec87	eyJ0eXAiOiJKV1QiLCJhbGciOiJIUzI1NiJ9.eyJ0b2tlbl90eXBlIjoicmVmcmVzaCIsImV4cCI6MTc0ODAxNjU3NiwiaWF0IjoxNzQ3OTMwMTc2LCJqdGkiOiJmZmI5YWFjYTE5N2E0YTBiYmY3YTBmYjFjYWNmZWM4NyIsInVzZXJfaWQiOjF9.XqDFTcHOs-pPoPwuuPtl7DtCgrV-RDER-KMHzXNMvRU	2025-05-22 18:09:36.113572+02	2025-05-23 18:09:36+02	1
27	ad96e1c6ab914da3a613fbfc0cc38ab5	eyJ0eXAiOiJKV1QiLCJhbGciOiJIUzI1NiJ9.eyJ0b2tlbl90eXBlIjoicmVmcmVzaCIsImV4cCI6MTc0ODAxNzU4NCwiaWF0IjoxNzQ3OTMxMTg0LCJqdGkiOiJhZDk2ZTFjNmFiOTE0ZGEzYTYxM2ZiZmMwY2MzOGFiNSIsInVzZXJfaWQiOjF9.GRZQfeULEzbkyYAd9ANMnoGCIYJhATmql8yE3ERyu5I	2025-05-22 18:26:24.902699+02	2025-05-23 18:26:24+02	1
28	3abc4b8fdc25483f953d852d004b1e02	eyJ0eXAiOiJKV1QiLCJhbGciOiJIUzI1NiJ9.eyJ0b2tlbl90eXBlIjoicmVmcmVzaCIsImV4cCI6MTc0ODAxODMwMCwiaWF0IjoxNzQ3OTMxOTAwLCJqdGkiOiIzYWJjNGI4ZmRjMjU0ODNmOTUzZDg1MmQwMDRiMWUwMiIsInVzZXJfaWQiOjF9.nVw4P6kNHme0rZDAmkkU0qIEOswoSRap-Ek1EcbkkUE	2025-05-22 18:38:20.249042+02	2025-05-23 18:38:20+02	1
29	9a12a81695b244e788a1478ad6309ce9	eyJ0eXAiOiJKV1QiLCJhbGciOiJIUzI1NiJ9.eyJ0b2tlbl90eXBlIjoicmVmcmVzaCIsImV4cCI6MTc0ODAxODgwMCwiaWF0IjoxNzQ3OTMyNDAwLCJqdGkiOiI5YTEyYTgxNjk1YjI0NGU3ODhhMTQ3OGFkNjMwOWNlOSIsInVzZXJfaWQiOjF9.uOH52V2a5ZSTarsO0jtr-4Y3Lu8W_rczDHTDJJflkZg	2025-05-22 18:46:40.570462+02	2025-05-23 18:46:40+02	1
30	3686b6b91b574f1dab0bdf01a25d006a	eyJ0eXAiOiJKV1QiLCJhbGciOiJIUzI1NiJ9.eyJ0b2tlbl90eXBlIjoicmVmcmVzaCIsImV4cCI6MTc0ODAxOTIyNSwiaWF0IjoxNzQ3OTMyODI1LCJqdGkiOiIzNjg2YjZiOTFiNTc0ZjFkYWIwYmRmMDFhMjVkMDA2YSIsInVzZXJfaWQiOjF9.wf4eyqZL9fsDKrqFVG0ncazMcMqn7kB11e8fkJ77Opc	2025-05-22 18:53:45.962621+02	2025-05-23 18:53:45+02	1
31	8c5640c2d4894376bd830a420df2c24e	eyJ0eXAiOiJKV1QiLCJhbGciOiJIUzI1NiJ9.eyJ0b2tlbl90eXBlIjoicmVmcmVzaCIsImV4cCI6MTc0ODAxOTYxMywiaWF0IjoxNzQ3OTMzMjEzLCJqdGkiOiI4YzU2NDBjMmQ0ODk0Mzc2YmQ4MzBhNDIwZGYyYzI0ZSIsInVzZXJfaWQiOjF9.pNrhXj7OLCcXycU_l2VWEE6GbnJBIuvoXiH4ko80zhQ	2025-05-22 19:00:13.962498+02	2025-05-23 19:00:13+02	1
32	db963c900ed645c196e3c5adff9f0dd2	eyJ0eXAiOiJKV1QiLCJhbGciOiJIUzI1NiJ9.eyJ0b2tlbl90eXBlIjoicmVmcmVzaCIsImV4cCI6MTc0ODAyMDA2NiwiaWF0IjoxNzQ3OTMzNjY2LCJqdGkiOiJkYjk2M2M5MDBlZDY0NWMxOTZlM2M1YWRmZjlmMGRkMiIsInVzZXJfaWQiOjF9.zVS5aTgh38UyNuquXtRua85E9CzxBXNFOuQwilT1L0Q	2025-05-22 19:07:46.322823+02	2025-05-23 19:07:46+02	1
33	5423296ed6e643709179ea91524ab68f	eyJ0eXAiOiJKV1QiLCJhbGciOiJIUzI1NiJ9.eyJ0b2tlbl90eXBlIjoicmVmcmVzaCIsImV4cCI6MTc0ODAyMDM2NiwiaWF0IjoxNzQ3OTMzOTY2LCJqdGkiOiI1NDIzMjk2ZWQ2ZTY0MzcwOTE3OWVhOTE1MjRhYjY4ZiIsInVzZXJfaWQiOjF9._rmNfPO32jPM-zF4nzuttawz3os-Cnefj54g2bbWx0Q	2025-05-22 19:12:46.365316+02	2025-05-23 19:12:46+02	1
34	369d0b5fbce84829ad38b3f5bab20ee1	eyJ0eXAiOiJKV1QiLCJhbGciOiJIUzI1NiJ9.eyJ0b2tlbl90eXBlIjoicmVmcmVzaCIsImV4cCI6MTc0ODAyMDU2OSwiaWF0IjoxNzQ3OTM0MTY5LCJqdGkiOiIzNjlkMGI1ZmJjZTg0ODI5YWQzOGIzZjViYWIyMGVlMSIsInVzZXJfaWQiOjF9.UhocJ0kgQzF4Io828NPaF2HOudI6ResKhQimyVFxeGw	2025-05-22 19:16:09.768237+02	2025-05-23 19:16:09+02	1
35	f4a7a12daef9480c809957ae049e2ce4	eyJ0eXAiOiJKV1QiLCJhbGciOiJIUzI1NiJ9.eyJ0b2tlbl90eXBlIjoicmVmcmVzaCIsImV4cCI6MTc0ODAyMDc3OCwiaWF0IjoxNzQ3OTM0Mzc4LCJqdGkiOiJmNGE3YTEyZGFlZjk0ODBjODA5OTU3YWUwNDllMmNlNCIsInVzZXJfaWQiOjF9.EV5-0HdTcKZ4J56KbaRq-_ma29dm44TUN_Cf3bAWUyY	2025-05-22 19:19:38.092128+02	2025-05-23 19:19:38+02	1
36	7eba84d56d7f4eca8792e6eeec590cc7	eyJ0eXAiOiJKV1QiLCJhbGciOiJIUzI1NiJ9.eyJ0b2tlbl90eXBlIjoicmVmcmVzaCIsImV4cCI6MTc0ODAyMTMwMiwiaWF0IjoxNzQ3OTM0OTAyLCJqdGkiOiI3ZWJhODRkNTZkN2Y0ZWNhODc5MmU2ZWVlYzU5MGNjNyIsInVzZXJfaWQiOjF9.Qmu0xzBlbUgdlBUPuXLhWo6IreTGwVE0BSqLOmN67Dg	2025-05-22 19:28:22.28325+02	2025-05-23 19:28:22+02	1
37	8e94c29f23bd441095bc107c65563ddc	eyJ0eXAiOiJKV1QiLCJhbGciOiJIUzI1NiJ9.eyJ0b2tlbl90eXBlIjoicmVmcmVzaCIsImV4cCI6MTc0ODAyMTY1OCwiaWF0IjoxNzQ3OTM1MjU4LCJqdGkiOiI4ZTk0YzI5ZjIzYmQ0NDEwOTViYzEwN2M2NTU2M2RkYyIsInVzZXJfaWQiOjF9.Mh8NznIBwgC0kmKdkk8_EAeNAeOul__f0KJccP33T74	2025-05-22 19:34:18.358824+02	2025-05-23 19:34:18+02	1
38	d206318a956849f89e4f2f94d44e9405	eyJ0eXAiOiJKV1QiLCJhbGciOiJIUzI1NiJ9.eyJ0b2tlbl90eXBlIjoicmVmcmVzaCIsImV4cCI6MTc0ODAyMTcxNCwiaWF0IjoxNzQ3OTM1MzE0LCJqdGkiOiJkMjA2MzE4YTk1Njg0OWY4OWU0ZjJmOTRkNDRlOTQwNSIsInVzZXJfaWQiOjF9.n32RaftSmgkRkJky6J0APB6DdP1Q-KI0paHqe4G_DLU	2025-05-22 19:35:14.5757+02	2025-05-23 19:35:14+02	1
39	7f3e283fd7d9440fa0b07e79c7c06805	eyJ0eXAiOiJKV1QiLCJhbGciOiJIUzI1NiJ9.eyJ0b2tlbl90eXBlIjoicmVmcmVzaCIsImV4cCI6MTc0ODAyNDAxNSwiaWF0IjoxNzQ3OTM3NjE1LCJqdGkiOiI3ZjNlMjgzZmQ3ZDk0NDBmYTBiMDdlNzljN2MwNjgwNSIsInVzZXJfaWQiOjF9.l82OULnWAsgT7iA5r4zsqoVO1_PvMZiiw9Xzdfgus5U	2025-05-22 20:13:35.70043+02	2025-05-23 20:13:35+02	1
40	e36b685bd8214a1fa7d57e6affac252f	eyJ0eXAiOiJKV1QiLCJhbGciOiJIUzI1NiJ9.eyJ0b2tlbl90eXBlIjoicmVmcmVzaCIsImV4cCI6MTc0ODAyNDA1NiwiaWF0IjoxNzQ3OTM3NjU2LCJqdGkiOiJlMzZiNjg1YmQ4MjE0YTFmYTdkNTdlNmFmZmFjMjUyZiIsInVzZXJfaWQiOjF9.XCwx4rc4KYGrshGaxbrBWzzmgPGDdOle5PW2yr3Wtws	2025-05-22 20:14:16.778085+02	2025-05-23 20:14:16+02	1
41	d83cace8692b4240a55650a9fa922c44	eyJ0eXAiOiJKV1QiLCJhbGciOiJIUzI1NiJ9.eyJ0b2tlbl90eXBlIjoicmVmcmVzaCIsImV4cCI6MTc0ODA4NTkyMCwiaWF0IjoxNzQ3OTk5NTIwLCJqdGkiOiJkODNjYWNlODY5MmI0MjQwYTU1NjUwYTlmYTkyMmM0NCIsInVzZXJfaWQiOjZ9.jiZek7YxZKffQcIZbejtl-mjAERhutX-bry43ux5o3A	2025-05-23 13:25:20.799745+02	2025-05-24 13:25:20+02	6
42	aab97dd563ce4da2b2ec71d0c38b9079	eyJ0eXAiOiJKV1QiLCJhbGciOiJIUzI1NiJ9.eyJ0b2tlbl90eXBlIjoicmVmcmVzaCIsImV4cCI6MTc0ODA4ODk4MywiaWF0IjoxNzQ4MDAyNTgzLCJqdGkiOiJhYWI5N2RkNTYzY2U0ZGEyYjJlYzcxZDBjMzhiOTA3OSIsInVzZXJfaWQiOjF9.yejhVkz34q0XNGwcF3FNuN6h-BqtlX_Yx9cZATSiuxs	2025-05-23 14:16:23.97199+02	2025-05-24 14:16:23+02	1
43	0ebdd04939cf4d32bd3994ef750a5cfd	eyJ0eXAiOiJKV1QiLCJhbGciOiJIUzI1NiJ9.eyJ0b2tlbl90eXBlIjoicmVmcmVzaCIsImV4cCI6MTc0ODA4OTg0MywiaWF0IjoxNzQ4MDAzNDQzLCJqdGkiOiIwZWJkZDA0OTM5Y2Y0ZDMyYmQzOTk0ZWY3NTBhNWNmZCIsInVzZXJfaWQiOjF9.TYwS-b_Nyoe7Y0YheBDrA23d6c0nb4EPunb7HeQElbA	2025-05-23 14:30:43.178666+02	2025-05-24 14:30:43+02	1
44	0939b4fe83084363ba756dac592ba886	eyJ0eXAiOiJKV1QiLCJhbGciOiJIUzI1NiJ9.eyJ0b2tlbl90eXBlIjoicmVmcmVzaCIsImV4cCI6MTc0ODA5MDE2MywiaWF0IjoxNzQ4MDAzNzYzLCJqdGkiOiIwOTM5YjRmZTgzMDg0MzYzYmE3NTZkYWM1OTJiYTg4NiIsInVzZXJfaWQiOjF9.Z6LH2nX8gGb9GaOrUvs15PZXUQCaLR9lG7czCguf3cg	2025-05-23 14:36:03.413578+02	2025-05-24 14:36:03+02	1
45	47116d244a764047a3bc9587896ff591	eyJ0eXAiOiJKV1QiLCJhbGciOiJIUzI1NiJ9.eyJ0b2tlbl90eXBlIjoicmVmcmVzaCIsImV4cCI6MTc0ODA5MDc0MywiaWF0IjoxNzQ4MDA0MzQzLCJqdGkiOiI0NzExNmQyNDRhNzY0MDQ3YTNiYzk1ODc4OTZmZjU5MSIsInVzZXJfaWQiOjF9.Gb1xhpDN6ZI8LfbQGuc0XhduhL1Ge9xja7G5JnIcrcc	2025-05-23 14:45:43.326403+02	2025-05-24 14:45:43+02	1
46	b4a4fa55dfe740daa932d5bb86136282	eyJ0eXAiOiJKV1QiLCJhbGciOiJIUzI1NiJ9.eyJ0b2tlbl90eXBlIjoicmVmcmVzaCIsImV4cCI6MTc0ODA5MDkwOSwiaWF0IjoxNzQ4MDA0NTA5LCJqdGkiOiJiNGE0ZmE1NWRmZTc0MGRhYTkzMmQ1YmI4NjEzNjI4MiIsInVzZXJfaWQiOjF9.pmdsj6Fi-igKo4e1TOYmC5WMz6AZH_UKT0NrV3eA7ak	2025-05-23 14:48:29.113156+02	2025-05-24 14:48:29+02	1
48	0261f6c6666e480399d61485fa976e11	eyJ0eXAiOiJKV1QiLCJhbGciOiJIUzI1NiJ9.eyJ0b2tlbl90eXBlIjoicmVmcmVzaCIsImV4cCI6MTc0ODA5NDgzOSwiaWF0IjoxNzQ4MDA4NDM5LCJqdGkiOiIwMjYxZjZjNjY2NmU0ODAzOTlkNjE0ODVmYTk3NmUxMSIsInVzZXJfaWQiOjEyfQ.JSBJqPNu9NUmc3A8pvU5tP868OrTeClB46DejjSrlMQ	2025-05-23 15:53:59.408793+02	2025-05-24 15:53:59+02	12
49	0d17761741c24ed5b7485b9c1d78e0b9	eyJ0eXAiOiJKV1QiLCJhbGciOiJIUzI1NiJ9.eyJ0b2tlbl90eXBlIjoicmVmcmVzaCIsImV4cCI6MTc0ODA5NjMzMywiaWF0IjoxNzQ4MDA5OTMzLCJqdGkiOiIwZDE3NzYxNzQxYzI0ZWQ1Yjc0ODViOWMxZDc4ZTBiOSIsInVzZXJfaWQiOjEzfQ.xn15LYF4eyhsu7Tax0xcNWIiF2rIaPVMODjA46tIdlI	2025-05-23 16:18:53.00157+02	2025-05-24 16:18:53+02	13
50	d99e3a41401343b0a688ad5fa10daa67	eyJ0eXAiOiJKV1QiLCJhbGciOiJIUzI1NiJ9.eyJ0b2tlbl90eXBlIjoicmVmcmVzaCIsImV4cCI6MTc0ODA5NjYxNywiaWF0IjoxNzQ4MDEwMjE3LCJqdGkiOiJkOTllM2E0MTQwMTM0M2IwYTY4OGFkNWZhMTBkYWE2NyIsInVzZXJfaWQiOjF9.53UUQ9d8mhXD86lIfVLCqk4YDEFl8uRzmCF1V7oyytI	2025-05-23 16:23:37.933229+02	2025-05-24 16:23:37+02	1
51	d98ffec89edc40b4b8d18e3039177b3a	eyJ0eXAiOiJKV1QiLCJhbGciOiJIUzI1NiJ9.eyJ0b2tlbl90eXBlIjoicmVmcmVzaCIsImV4cCI6MTc0ODA5NzAyNSwiaWF0IjoxNzQ4MDEwNjI1LCJqdGkiOiJkOThmZmVjODllZGM0MGI0YjhkMThlMzAzOTE3N2IzYSIsInVzZXJfaWQiOjF9.DsKqQDLgUnK7G0UhbjQG4LcMHrhwtFk9GqG_2BrE7e8	2025-05-23 16:30:25.86122+02	2025-05-24 16:30:25+02	1
52	34c82379b68e484fbc18079789243ef7	eyJ0eXAiOiJKV1QiLCJhbGciOiJIUzI1NiJ9.eyJ0b2tlbl90eXBlIjoicmVmcmVzaCIsImV4cCI6MTc0ODA5NzM2NiwiaWF0IjoxNzQ4MDEwOTY2LCJqdGkiOiIzNGM4MjM3OWI2OGU0ODRmYmMxODA3OTc4OTI0M2VmNyIsInVzZXJfaWQiOjF9.mVdtyZqgPiVBj0XbfNDglbuMC46bsOVq04W-bm-1gyI	2025-05-23 16:36:06.078854+02	2025-05-24 16:36:06+02	1
53	2c65941d14bd4eab98945c515538eaec	eyJ0eXAiOiJKV1QiLCJhbGciOiJIUzI1NiJ9.eyJ0b2tlbl90eXBlIjoicmVmcmVzaCIsImV4cCI6MTc0ODEwNDM1NSwiaWF0IjoxNzQ4MDE3OTU1LCJqdGkiOiIyYzY1OTQxZDE0YmQ0ZWFiOTg5NDVjNTE1NTM4ZWFlYyIsInVzZXJfaWQiOjF9.pK9RlVbkSyIroXpxTdo1kKnS230QLflgFXF0vdqxrNo	2025-05-23 18:32:35.190665+02	2025-05-24 18:32:35+02	1
54	8ada9572c4fa4dc4bd084c7d241ef125	eyJ0eXAiOiJKV1QiLCJhbGciOiJIUzI1NiJ9.eyJ0b2tlbl90eXBlIjoicmVmcmVzaCIsImV4cCI6MTc0ODEwNTg0MiwiaWF0IjoxNzQ4MDE5NDQyLCJqdGkiOiI4YWRhOTU3MmM0ZmE0ZGM0YmQwODRjN2QyNDFlZjEyNSIsInVzZXJfaWQiOjF9.T3ooLgKQ2MGIaSfdyfNGA1lriFQsvFIkQDVYPDQxcZo	2025-05-23 18:57:22.562295+02	2025-05-24 18:57:22+02	1
55	485827a7c9e049409731ff015fa4f4cc	eyJ0eXAiOiJKV1QiLCJhbGciOiJIUzI1NiJ9.eyJ0b2tlbl90eXBlIjoicmVmcmVzaCIsImV4cCI6MTc0ODEwNjY1NSwiaWF0IjoxNzQ4MDIwMjU1LCJqdGkiOiI0ODU4MjdhN2M5ZTA0OTQwOTczMWZmMDE1ZmE0ZjRjYyIsInVzZXJfaWQiOjF9.eMkYkfkNn6WyuBCd0q-pSOWVFY4Uquzsdvvl6U8ymuc	2025-05-23 19:10:55.899411+02	2025-05-24 19:10:55+02	1
56	22fbddb0b6d94b4584eef9cbf43327d1	eyJ0eXAiOiJKV1QiLCJhbGciOiJIUzI1NiJ9.eyJ0b2tlbl90eXBlIjoicmVmcmVzaCIsImV4cCI6MTc0ODEwNzEyNSwiaWF0IjoxNzQ4MDIwNzI1LCJqdGkiOiIyMmZiZGRiMGI2ZDk0YjQ1ODRlZWY5Y2JmNDMzMjdkMSIsInVzZXJfaWQiOjF9.cBnCGVYDuiunuoq0hKR2TqV0tPHrBfJjsHcDmEsMHEU	2025-05-23 19:18:45.232104+02	2025-05-24 19:18:45+02	1
57	9a214dfddd0a4b38a8e53dad29b1bd82	eyJ0eXAiOiJKV1QiLCJhbGciOiJIUzI1NiJ9.eyJ0b2tlbl90eXBlIjoicmVmcmVzaCIsImV4cCI6MTc0ODE3MDg5MiwiaWF0IjoxNzQ4MDg0NDkyLCJqdGkiOiI5YTIxNGRmZGRkMGE0YjM4YThlNTNkYWQyOWIxYmQ4MiIsInVzZXJfaWQiOjF9.BG10o6mbjIlsiT58ReZ6F6DS_Qg1c-ueXpUmjR7Q8ss	2025-05-24 13:01:32.627544+02	2025-05-25 13:01:32+02	1
58	4bd0c060ab2b4044bf9e54e56494e5f6	eyJ0eXAiOiJKV1QiLCJhbGciOiJIUzI1NiJ9.eyJ0b2tlbl90eXBlIjoicmVmcmVzaCIsImV4cCI6MTc0ODE3MzAwMywiaWF0IjoxNzQ4MDg2NjAzLCJqdGkiOiI0YmQwYzA2MGFiMmI0MDQ0YmY5ZTU0ZTU2NDk0ZTVmNiIsInVzZXJfaWQiOjF9.wGObUefs4kENvQI8H1yncB396Wdbko35lvTd4AxtBBI	2025-05-24 13:36:43.387177+02	2025-05-25 13:36:43+02	1
59	fc0eb877ae3a4fa29a9d1f3c34999123	eyJ0eXAiOiJKV1QiLCJhbGciOiJIUzI1NiJ9.eyJ0b2tlbl90eXBlIjoicmVmcmVzaCIsImV4cCI6MTc0ODE3MzQ5OCwiaWF0IjoxNzQ4MDg3MDk4LCJqdGkiOiJmYzBlYjg3N2FlM2E0ZmEyOWE5ZDFmM2MzNDk5OTEyMyIsInVzZXJfaWQiOjF9.y9vX6E4yVh1Vc-KSIe7YWZ_-paammvu5vwC8rFR5vXc	2025-05-24 13:44:58.92102+02	2025-05-25 13:44:58+02	1
60	602305f2c0294e93ac1e145a2803755c	eyJ0eXAiOiJKV1QiLCJhbGciOiJIUzI1NiJ9.eyJ0b2tlbl90eXBlIjoicmVmcmVzaCIsImV4cCI6MTc0ODE3NDkzMiwiaWF0IjoxNzQ4MDg4NTMyLCJqdGkiOiI2MDIzMDVmMmMwMjk0ZTkzYWMxZTE0NWEyODAzNzU1YyIsInVzZXJfaWQiOjF9.8xp8lj5_hMUKKR1jIGfGg0lHTv_9MWGYhUKG7rR4fEU	2025-05-24 14:08:52.684988+02	2025-05-25 14:08:52+02	1
61	84012adb6e634769aa662991e67841a8	eyJ0eXAiOiJKV1QiLCJhbGciOiJIUzI1NiJ9.eyJ0b2tlbl90eXBlIjoicmVmcmVzaCIsImV4cCI6MTc0ODE3NTMwNCwiaWF0IjoxNzQ4MDg4OTA0LCJqdGkiOiI4NDAxMmFkYjZlNjM0NzY5YWE2NjI5OTFlNjc4NDFhOCIsInVzZXJfaWQiOjF9.tOwohFRb2ISvS-DGtfJt8AbbozerM_DdJbHq-A-t7yE	2025-05-24 14:15:04.772356+02	2025-05-25 14:15:04+02	1
62	b9f2a016bb87459180a7375732d8d86d	eyJ0eXAiOiJKV1QiLCJhbGciOiJIUzI1NiJ9.eyJ0b2tlbl90eXBlIjoicmVmcmVzaCIsImV4cCI6MTc0ODE3NTY2MCwiaWF0IjoxNzQ4MDg5MjYwLCJqdGkiOiJiOWYyYTAxNmJiODc0NTkxODBhNzM3NTczMmQ4ZDg2ZCIsInVzZXJfaWQiOjF9.bJKtSHc-eNUP7jC_clGxVOfu5T5tk8cSBF3TgZuR0TA	2025-05-24 14:21:00.704272+02	2025-05-25 14:21:00+02	1
63	1cd7c1a95a3b4cc4959520dd0cfbb2a7	eyJ0eXAiOiJKV1QiLCJhbGciOiJIUzI1NiJ9.eyJ0b2tlbl90eXBlIjoicmVmcmVzaCIsImV4cCI6MTc0ODE3NjE0OCwiaWF0IjoxNzQ4MDg5NzQ4LCJqdGkiOiIxY2Q3YzFhOTVhM2I0Y2M0OTU5NTIwZGQwY2ZiYjJhNyIsInVzZXJfaWQiOjF9.7SIEk00It1SdjuJqfOqLTm4CMF2xFkITLz-HYraASDI	2025-05-24 14:29:08.972375+02	2025-05-25 14:29:08+02	1
64	f4bafd504ff245d49dd0ec15e2854e1e	eyJ0eXAiOiJKV1QiLCJhbGciOiJIUzI1NiJ9.eyJ0b2tlbl90eXBlIjoicmVmcmVzaCIsImV4cCI6MTc0ODE3NzEyNSwiaWF0IjoxNzQ4MDkwNzI1LCJqdGkiOiJmNGJhZmQ1MDRmZjI0NWQ0OWRkMGVjMTVlMjg1NGUxZSIsInVzZXJfaWQiOjF9.54EC1E31OT9qx1CCT_BDLEEeYYYhPQ_ylC_45ZjiTDo	2025-05-24 14:45:25.222005+02	2025-05-25 14:45:25+02	1
65	0348f4180c8e4ce5824f9188b065d695	eyJ0eXAiOiJKV1QiLCJhbGciOiJIUzI1NiJ9.eyJ0b2tlbl90eXBlIjoicmVmcmVzaCIsImV4cCI6MTc0ODE3NzYxNCwiaWF0IjoxNzQ4MDkxMjE0LCJqdGkiOiIwMzQ4ZjQxODBjOGU0Y2U1ODI0ZjkxODhiMDY1ZDY5NSIsInVzZXJfaWQiOjF9.ioEq1wypsnll_kp-0qP9Now8agE5nMWDrK-yTmvpMrM	2025-05-24 14:53:34.876673+02	2025-05-25 14:53:34+02	1
66	922b50c666fa438d8f3503c2dae1ca04	eyJ0eXAiOiJKV1QiLCJhbGciOiJIUzI1NiJ9.eyJ0b2tlbl90eXBlIjoicmVmcmVzaCIsImV4cCI6MTc0ODE3ODA3NiwiaWF0IjoxNzQ4MDkxNjc2LCJqdGkiOiI5MjJiNTBjNjY2ZmE0MzhkOGYzNTAzYzJkYWUxY2EwNCIsInVzZXJfaWQiOjF9.P8PykUf2-D06K8U3e29Bqkxd6Qm43EjXf7BZkbP4o7Y	2025-05-24 15:01:16.739386+02	2025-05-25 15:01:16+02	1
67	70da67b6a3374752aba9fff92ff6faf8	eyJ0eXAiOiJKV1QiLCJhbGciOiJIUzI1NiJ9.eyJ0b2tlbl90eXBlIjoicmVmcmVzaCIsImV4cCI6MTc0ODE3ODUzMywiaWF0IjoxNzQ4MDkyMTMzLCJqdGkiOiI3MGRhNjdiNmEzMzc0NzUyYWJhOWZmZjkyZmY2ZmFmOCIsInVzZXJfaWQiOjF9.fw7nDvercWPvqvYn7eoAXBmfCm5DP4GyZuMzRvy5GmU	2025-05-24 15:08:53.333364+02	2025-05-25 15:08:53+02	1
68	5fb4ab790e434ccfbaeb116a297de798	eyJ0eXAiOiJKV1QiLCJhbGciOiJIUzI1NiJ9.eyJ0b2tlbl90eXBlIjoicmVmcmVzaCIsImV4cCI6MTc0ODE3ODkwNiwiaWF0IjoxNzQ4MDkyNTA2LCJqdGkiOiI1ZmI0YWI3OTBlNDM0Y2NmYmFlYjExNmEyOTdkZTc5OCIsInVzZXJfaWQiOjF9.47thlpbeHZkyOr8ekouH6o4IAU5l6uVEOFxQ8NTZgoY	2025-05-24 15:15:06.554494+02	2025-05-25 15:15:06+02	1
69	0a51f1d2be2c4635a0883da3154f1cbc	eyJ0eXAiOiJKV1QiLCJhbGciOiJIUzI1NiJ9.eyJ0b2tlbl90eXBlIjoicmVmcmVzaCIsImV4cCI6MTc0ODM0ODM0NCwiaWF0IjoxNzQ4MjYxOTQ0LCJqdGkiOiIwYTUxZjFkMmJlMmM0NjM1YTA4ODNkYTMxNTRmMWNiYyIsInVzZXJfaWQiOjF9.wEjoyds7Qy5LoJ_FvueHTdJYtJV5oQJVXf__yhS_RhI	2025-05-26 14:19:04.404403+02	2025-05-27 14:19:04+02	1
70	50cca7069a1543858046eb7e6086ec8c	eyJ0eXAiOiJKV1QiLCJhbGciOiJIUzI1NiJ9.eyJ0b2tlbl90eXBlIjoicmVmcmVzaCIsImV4cCI6MTc0ODM0ODg1NCwiaWF0IjoxNzQ4MjYyNDU0LCJqdGkiOiI1MGNjYTcwNjlhMTU0Mzg1ODA0NmViN2U2MDg2ZWM4YyIsInVzZXJfaWQiOjF9.XKpPOAiIR6vjAtcR_gQnsPtjhSo9yjld5ZzeqQv92aQ	2025-05-26 14:27:34.178912+02	2025-05-27 14:27:34+02	1
71	8a8fde45689e4ba69bd1a606f6a8c1fd	eyJ0eXAiOiJKV1QiLCJhbGciOiJIUzI1NiJ9.eyJ0b2tlbl90eXBlIjoicmVmcmVzaCIsImV4cCI6MTc0ODM1MDI1NywiaWF0IjoxNzQ4MjYzODU3LCJqdGkiOiI4YThmZGU0NTY4OWU0YmE2OWJkMWE2MDZmNmE4YzFmZCIsInVzZXJfaWQiOjF9.uiNJYW2bWgTz_-n-6L4OQuoceeyVRocMPOam74RKDL4	2025-05-26 14:50:57.084391+02	2025-05-27 14:50:57+02	1
72	95b74017a957484bbab3f470d75c9cb5	eyJ0eXAiOiJKV1QiLCJhbGciOiJIUzI1NiJ9.eyJ0b2tlbl90eXBlIjoicmVmcmVzaCIsImV4cCI6MTc0ODM1MDYwNiwiaWF0IjoxNzQ4MjY0MjA2LCJqdGkiOiI5NWI3NDAxN2E5NTc0ODRiYmFiM2Y0NzBkNzVjOWNiNSIsInVzZXJfaWQiOjF9.G-5F-6mXTVW_-jKwUyXD9JxjyvYhXNqiQlnHgbO0RnU	2025-05-26 14:56:46.858262+02	2025-05-27 14:56:46+02	1
47	3e68cd7122b14d2c813a9b525d3b4c8c	eyJ0eXAiOiJKV1QiLCJhbGciOiJIUzI1NiJ9.eyJ0b2tlbl90eXBlIjoicmVmcmVzaCIsImV4cCI6MTc0ODA5MDk1MywiaWF0IjoxNzQ4MDA0NTUzLCJqdGkiOiIzZTY4Y2Q3MTIyYjE0ZDJjODEzYTliNTI1ZDNiNGM4YyIsInVzZXJfaWQiOjd9.WGPqu7TbLP-77vzRBBJV5vmyAlHvz3lyoMQ2dPLyunU	2025-05-23 14:49:13.505414+02	2025-05-24 14:49:13+02	\N
73	cf9fbf73c1354ba89627beff44bb75e9	eyJ0eXAiOiJKV1QiLCJhbGciOiJIUzI1NiJ9.eyJ0b2tlbl90eXBlIjoicmVmcmVzaCIsImV4cCI6MTc0ODM1NDk4OSwiaWF0IjoxNzQ4MjY4NTg5LCJqdGkiOiJjZjlmYmY3M2MxMzU0YmE4OTYyN2JlZmY0NGJiNzVlOSIsInVzZXJfaWQiOjF9.TWM0s14suA3-T-lVFrGezKwoSKtLXPcpJSl1H5t1Ygk	2025-05-26 16:09:49.235482+02	2025-05-27 16:09:49+02	1
74	b736742ea8fe4b63a1a10f9c0830baba	eyJ0eXAiOiJKV1QiLCJhbGciOiJIUzI1NiJ9.eyJ0b2tlbl90eXBlIjoicmVmcmVzaCIsImV4cCI6MTc0ODM1NTMzNywiaWF0IjoxNzQ4MjY4OTM3LCJqdGkiOiJiNzM2NzQyZWE4ZmU0YjYzYTFhMTBmOWMwODMwYmFiYSIsInVzZXJfaWQiOjF9.sy4knabsgKJzaWTVpimC89iwaaE9PkpswiEa-Zs369M	2025-05-26 16:15:37.718675+02	2025-05-27 16:15:37+02	1
75	ed3d13b9a34e4842883ebc1718f724f2	eyJ0eXAiOiJKV1QiLCJhbGciOiJIUzI1NiJ9.eyJ0b2tlbl90eXBlIjoicmVmcmVzaCIsImV4cCI6MTc0ODM1NTY2OCwiaWF0IjoxNzQ4MjY5MjY4LCJqdGkiOiJlZDNkMTNiOWEzNGU0ODQyODgzZWJjMTcxOGY3MjRmMiIsInVzZXJfaWQiOjF9.5kT6MRNqOUAC70aI8nscDPgMX8pQ8HkCnpkcOem9Z-k	2025-05-26 16:21:08.269076+02	2025-05-27 16:21:08+02	1
76	c09e965a1895403bb2452d29065beb58	eyJ0eXAiOiJKV1QiLCJhbGciOiJIUzI1NiJ9.eyJ0b2tlbl90eXBlIjoicmVmcmVzaCIsImV4cCI6MTc0ODM1NTkwMCwiaWF0IjoxNzQ4MjY5NTAwLCJqdGkiOiJjMDllOTY1YTE4OTU0MDNiYjI0NTJkMjkwNjViZWI1OCIsInVzZXJfaWQiOjF9.VkRZAw4WZNkwlhBjbdTP9_v0DM7TshHlu3UbjU_6PQk	2025-05-26 16:25:00.448391+02	2025-05-27 16:25:00+02	1
77	d2dbf75b1f5f4a238d12c4becbc3a8ad	eyJ0eXAiOiJKV1QiLCJhbGciOiJIUzI1NiJ9.eyJ0b2tlbl90eXBlIjoicmVmcmVzaCIsImV4cCI6MTc0ODM1NjQxMSwiaWF0IjoxNzQ4MjcwMDExLCJqdGkiOiJkMmRiZjc1YjFmNWY0YTIzOGQxMmM0YmVjYmMzYThhZCIsInVzZXJfaWQiOjF9.glD_h336oAIdl_oI1q7nkngppaWl2jj-6i_sPTcI64Q	2025-05-26 16:33:31.451289+02	2025-05-27 16:33:31+02	1
78	0171d620ec76401e8e698e6d3ab12445	eyJ0eXAiOiJKV1QiLCJhbGciOiJIUzI1NiJ9.eyJ0b2tlbl90eXBlIjoicmVmcmVzaCIsImV4cCI6MTc0ODM1NzEzOSwiaWF0IjoxNzQ4MjcwNzM5LCJqdGkiOiIwMTcxZDYyMGVjNzY0MDFlOGU2OThlNmQzYWIxMjQ0NSIsInVzZXJfaWQiOjF9.1KSLc-ucqFSBeDczZZHEWx-OMzO9CEnAgqgl6gaTP34	2025-05-26 16:45:39.529644+02	2025-05-27 16:45:39+02	1
79	4f6cad49c7454ffb923d55889f060e18	eyJ0eXAiOiJKV1QiLCJhbGciOiJIUzI1NiJ9.eyJ0b2tlbl90eXBlIjoicmVmcmVzaCIsImV4cCI6MTc0ODM1ODc1MSwiaWF0IjoxNzQ4MjcyMzUxLCJqdGkiOiI0ZjZjYWQ0OWM3NDU0ZmZiOTIzZDU1ODg5ZjA2MGUxOCIsInVzZXJfaWQiOjF9.QOHx1_mC4ojf1AmMWGvqpivHv4FXvF4pvsS2J66y0Wg	2025-05-26 17:12:31.779469+02	2025-05-27 17:12:31+02	1
80	955c710659654e08bfa035bd98432f51	eyJ0eXAiOiJKV1QiLCJhbGciOiJIUzI1NiJ9.eyJ0b2tlbl90eXBlIjoicmVmcmVzaCIsImV4cCI6MTc0ODM1OTI2MiwiaWF0IjoxNzQ4MjcyODYyLCJqdGkiOiI5NTVjNzEwNjU5NjU0ZTA4YmZhMDM1YmQ5ODQzMmY1MSIsInVzZXJfaWQiOjF9.88Jnhvjs_SQFmTC-Dr_jTLU15Gph8fQe16oV0rz6EFg	2025-05-26 17:21:02.634545+02	2025-05-27 17:21:02+02	1
81	40afd8aef68045ecb3b4f675ba55946e	eyJ0eXAiOiJKV1QiLCJhbGciOiJIUzI1NiJ9.eyJ0b2tlbl90eXBlIjoicmVmcmVzaCIsImV4cCI6MTc0ODM1OTYxNCwiaWF0IjoxNzQ4MjczMjE0LCJqdGkiOiI0MGFmZDhhZWY2ODA0NWVjYjNiNGY2NzViYTU1OTQ2ZSIsInVzZXJfaWQiOjF9.ijdYSj2_eVSyyPe2kHowHnDraD6pN0Qhjb0zsiZQsaA	2025-05-26 17:26:54.82137+02	2025-05-27 17:26:54+02	1
82	8a92a102536a44068a7b43eedb48fd61	eyJ0eXAiOiJKV1QiLCJhbGciOiJIUzI1NiJ9.eyJ0b2tlbl90eXBlIjoicmVmcmVzaCIsImV4cCI6MTc0ODUxNzMxNCwiaWF0IjoxNzQ4NDMwOTE0LCJqdGkiOiI4YTkyYTEwMjUzNmE0NDA2OGE3YjQzZWVkYjQ4ZmQ2MSIsInVzZXJfaWQiOjF9.NtaNTOPBRgp2At2wSq8P7GhQ_dZq-j63CBYPPJI1bVA	2025-05-28 13:15:14.068567+02	2025-05-29 13:15:14+02	1
83	6132f1c5ca0e477590b370c74352d032	eyJ0eXAiOiJKV1QiLCJhbGciOiJIUzI1NiJ9.eyJ0b2tlbl90eXBlIjoicmVmcmVzaCIsImV4cCI6MTc0ODUxNzgzNCwiaWF0IjoxNzQ4NDMxNDM0LCJqdGkiOiI2MTMyZjFjNWNhMGU0Nzc1OTBiMzcwYzc0MzUyZDAzMiIsInVzZXJfaWQiOjF9.pedwHYYS0ki0HjuwybUT45DGGUnNv1SYo0KW7JVurxc	2025-05-28 13:23:54.933004+02	2025-05-29 13:23:54+02	1
84	a24d295442a44fb6b35e55f969f87c03	eyJ0eXAiOiJKV1QiLCJhbGciOiJIUzI1NiJ9.eyJ0b2tlbl90eXBlIjoicmVmcmVzaCIsImV4cCI6MTc0ODUxODIzMSwiaWF0IjoxNzQ4NDMxODMxLCJqdGkiOiJhMjRkMjk1NDQyYTQ0ZmI2YjM1ZTU1Zjk2OWY4N2MwMyIsInVzZXJfaWQiOjF9.8BXaoejrCrs6gGBRMeM0Da_RGEp7x8tzbLXZk2UTCwk	2025-05-28 13:30:31.41414+02	2025-05-29 13:30:31+02	1
85	b511f19c03834b3ea9ec61336e6effb6	eyJ0eXAiOiJKV1QiLCJhbGciOiJIUzI1NiJ9.eyJ0b2tlbl90eXBlIjoicmVmcmVzaCIsImV4cCI6MTc0ODUxOTM0OSwiaWF0IjoxNzQ4NDMyOTQ5LCJqdGkiOiJiNTExZjE5YzAzODM0YjNlYTllYzYxMzM2ZTZlZmZiNiIsInVzZXJfaWQiOjF9.g2M09x4DoPSPE22seBC5z9iscp8bMQvfGxWlxkAjVZ4	2025-05-28 13:49:09.632904+02	2025-05-29 13:49:09+02	1
86	9dbb42b8c1a748409982a76599ef7ca0	eyJ0eXAiOiJKV1QiLCJhbGciOiJIUzI1NiJ9.eyJ0b2tlbl90eXBlIjoicmVmcmVzaCIsImV4cCI6MTc0ODUxOTY4MiwiaWF0IjoxNzQ4NDMzMjgyLCJqdGkiOiI5ZGJiNDJiOGMxYTc0ODQwOTk4MmE3NjU5OWVmN2NhMCIsInVzZXJfaWQiOjF9.cYLGGiFmK3Jl1Vf4WQtxIKU8bUJfPKdqqvf4vLt7trE	2025-05-28 13:54:42.521323+02	2025-05-29 13:54:42+02	1
87	87cb7eab23ff4519bed790adba17bf8c	eyJ0eXAiOiJKV1QiLCJhbGciOiJIUzI1NiJ9.eyJ0b2tlbl90eXBlIjoicmVmcmVzaCIsImV4cCI6MTc0ODUyMDc5MCwiaWF0IjoxNzQ4NDM0MzkwLCJqdGkiOiI4N2NiN2VhYjIzZmY0NTE5YmVkNzkwYWRiYTE3YmY4YyIsInVzZXJfaWQiOjF9.83QkPaxXVl_ophC1y-6Joif0Ybncqx3PpU5HgnagpRE	2025-05-28 14:13:10.892073+02	2025-05-29 14:13:10+02	1
88	4404ec8ac4c74be4a549b82582bab466	eyJ0eXAiOiJKV1QiLCJhbGciOiJIUzI1NiJ9.eyJ0b2tlbl90eXBlIjoicmVmcmVzaCIsImV4cCI6MTc0ODUyMTExNiwiaWF0IjoxNzQ4NDM0NzE2LCJqdGkiOiI0NDA0ZWM4YWM0Yzc0YmU0YTU0OWI4MjU4MmJhYjQ2NiIsInVzZXJfaWQiOjF9.MnYXO2H3qOAzdmeUvkz46_oNVNvOa_IIlblTHZ9cbLQ	2025-05-28 14:18:36.827498+02	2025-05-29 14:18:36+02	1
89	e629365bbd654709a354d35ac99d4de9	eyJ0eXAiOiJKV1QiLCJhbGciOiJIUzI1NiJ9.eyJ0b2tlbl90eXBlIjoicmVmcmVzaCIsImV4cCI6MTc0ODUyMTI3NywiaWF0IjoxNzQ4NDM0ODc3LCJqdGkiOiJlNjI5MzY1YmJkNjU0NzA5YTM1NGQzNWFjOTlkNGRlOSIsInVzZXJfaWQiOjF9.njI8Wu4cjSCnShsL1xFBLWkCwMiIPShR0cIIMUf3_1U	2025-05-28 14:21:17.498243+02	2025-05-29 14:21:17+02	1
90	631c385ee8c64e08b4ba190a7c11289f	eyJ0eXAiOiJKV1QiLCJhbGciOiJIUzI1NiJ9.eyJ0b2tlbl90eXBlIjoicmVmcmVzaCIsImV4cCI6MTc0ODUyMTY3NCwiaWF0IjoxNzQ4NDM1Mjc0LCJqdGkiOiI2MzFjMzg1ZWU4YzY0ZTA4YjRiYTE5MGE3YzExMjg5ZiIsInVzZXJfaWQiOjF9.V1miHMTVyuBpVXZxQWAQQy4RxrU4NhbMSTFuPacfdtI	2025-05-28 14:27:54.825848+02	2025-05-29 14:27:54+02	1
91	ecea25e06b99443c81e0acfeea6dd273	eyJ0eXAiOiJKV1QiLCJhbGciOiJIUzI1NiJ9.eyJ0b2tlbl90eXBlIjoicmVmcmVzaCIsImV4cCI6MTc0ODUyMjczOCwiaWF0IjoxNzQ4NDM2MzM4LCJqdGkiOiJlY2VhMjVlMDZiOTk0NDNjODFlMGFjZmVlYTZkZDI3MyIsInVzZXJfaWQiOjF9.nQ-UCrtOuh60gK24C1NBI-zZaglMgAGIOrtD2_qix6Q	2025-05-28 14:45:38.645482+02	2025-05-29 14:45:38+02	1
92	1ca5eaa139264222b790e77a11bda93e	eyJ0eXAiOiJKV1QiLCJhbGciOiJIUzI1NiJ9.eyJ0b2tlbl90eXBlIjoicmVmcmVzaCIsImV4cCI6MTc0ODUyMzEzMiwiaWF0IjoxNzQ4NDM2NzMyLCJqdGkiOiIxY2E1ZWFhMTM5MjY0MjIyYjc5MGU3N2ExMWJkYTkzZSIsInVzZXJfaWQiOjF9.Hyl_9oFyM-1n5fdPxiG5dxcreWfQgQJTLCRFYQF7SKk	2025-05-28 14:52:12.043075+02	2025-05-29 14:52:12+02	1
93	5d587b07da894f4dbf85edb48ae7ecd6	eyJ0eXAiOiJKV1QiLCJhbGciOiJIUzI1NiJ9.eyJ0b2tlbl90eXBlIjoicmVmcmVzaCIsImV4cCI6MTc0ODUyNDA2NiwiaWF0IjoxNzQ4NDM3NjY2LCJqdGkiOiI1ZDU4N2IwN2RhODk0ZjRkYmY4NWVkYjQ4YWU3ZWNkNiIsInVzZXJfaWQiOjF9.Vo11aQOXhwdZygu0EbaWQ37FPbq6pX1OXUDh5mQK8F8	2025-05-28 15:07:46.21967+02	2025-05-29 15:07:46+02	1
94	f837177c4367496fb0130b7a87674b4a	eyJ0eXAiOiJKV1QiLCJhbGciOiJIUzI1NiJ9.eyJ0b2tlbl90eXBlIjoicmVmcmVzaCIsImV4cCI6MTc0ODUyNTg5MCwiaWF0IjoxNzQ4NDM5NDkwLCJqdGkiOiJmODM3MTc3YzQzNjc0OTZmYjAxMzBiN2E4NzY3NGI0YSIsInVzZXJfaWQiOjF9.ORbnnvGG50XrsI6FMbC-ool8LexfgyzdmxyZglqSR88	2025-05-28 15:38:10.475949+02	2025-05-29 15:38:10+02	1
95	e73249ccb83e49959fc6033f9e1f0e8a	eyJ0eXAiOiJKV1QiLCJhbGciOiJIUzI1NiJ9.eyJ0b2tlbl90eXBlIjoicmVmcmVzaCIsImV4cCI6MTc0ODUyNjMwMCwiaWF0IjoxNzQ4NDM5OTAwLCJqdGkiOiJlNzMyNDljY2I4M2U0OTk1OWZjNjAzM2Y5ZTFmMGU4YSIsInVzZXJfaWQiOjF9.7gb9XDtKwCyThMvtNbQEsE331f5gLiTs6KEJBBcc6eQ	2025-05-28 15:45:00.46279+02	2025-05-29 15:45:00+02	1
96	e395f82c6e7442e887beb65361993f8a	eyJ0eXAiOiJKV1QiLCJhbGciOiJIUzI1NiJ9.eyJ0b2tlbl90eXBlIjoicmVmcmVzaCIsImV4cCI6MTc0ODUyNjc0MywiaWF0IjoxNzQ4NDQwMzQzLCJqdGkiOiJlMzk1ZjgyYzZlNzQ0MmU4ODdiZWI2NTM2MTk5M2Y4YSIsInVzZXJfaWQiOjF9.EQ41vPowKHbYGRFbwLp3VFq9pmWDJKrlNEnkiHP121g	2025-05-28 15:52:23.53829+02	2025-05-29 15:52:23+02	1
97	a974f66afc294aa0b73b73ed97cf5624	eyJ0eXAiOiJKV1QiLCJhbGciOiJIUzI1NiJ9.eyJ0b2tlbl90eXBlIjoicmVmcmVzaCIsImV4cCI6MTc0ODUyNzA2MywiaWF0IjoxNzQ4NDQwNjYzLCJqdGkiOiJhOTc0ZjY2YWZjMjk0YWEwYjczYjczZWQ5N2NmNTYyNCIsInVzZXJfaWQiOjF9.bOGVpnBUt2yElljEJZVOASFCUtNIGcrXzBBGlMU4fic	2025-05-28 15:57:43.945921+02	2025-05-29 15:57:43+02	1
98	ce34b5c63b094026aee612cf61186cea	eyJ0eXAiOiJKV1QiLCJhbGciOiJIUzI1NiJ9.eyJ0b2tlbl90eXBlIjoicmVmcmVzaCIsImV4cCI6MTc0ODUyNzY4NCwiaWF0IjoxNzQ4NDQxMjg0LCJqdGkiOiJjZTM0YjVjNjNiMDk0MDI2YWVlNjEyY2Y2MTE4NmNlYSIsInVzZXJfaWQiOjF9.X71BZje_A4hqF_nMM5z75K1CGqu_gIBXiozdKf6wQLs	2025-05-28 16:08:04.817983+02	2025-05-29 16:08:04+02	1
99	818a3ac68d8a405388ddb2daf5a33531	eyJ0eXAiOiJKV1QiLCJhbGciOiJIUzI1NiJ9.eyJ0b2tlbl90eXBlIjoicmVmcmVzaCIsImV4cCI6MTc0ODUyODU1MCwiaWF0IjoxNzQ4NDQyMTUwLCJqdGkiOiI4MThhM2FjNjhkOGE0MDUzODhkZGIyZGFmNWEzMzUzMSIsInVzZXJfaWQiOjF9.FHtYjrjYjaFeTw-HvJFqtXf0xrg2Mq2uQexg-fjGzdQ	2025-05-28 16:22:30.74686+02	2025-05-29 16:22:30+02	1
100	d38eb721cdf54fd5a0df3150eb420311	eyJ0eXAiOiJKV1QiLCJhbGciOiJIUzI1NiJ9.eyJ0b2tlbl90eXBlIjoicmVmcmVzaCIsImV4cCI6MTc0ODUyOTkyOSwiaWF0IjoxNzQ4NDQzNTI5LCJqdGkiOiJkMzhlYjcyMWNkZjU0ZmQ1YTBkZjMxNTBlYjQyMDMxMSIsInVzZXJfaWQiOjF9.5wfuj31FFUOjHUImUQb6hJdVYkDXTXUsuDKGWJoqc1w	2025-05-28 16:45:29.856285+02	2025-05-29 16:45:29+02	1
101	f9323ef80f274e63b628514e8635977b	eyJ0eXAiOiJKV1QiLCJhbGciOiJIUzI1NiJ9.eyJ0b2tlbl90eXBlIjoicmVmcmVzaCIsImV4cCI6MTc0ODUyOTk1NiwiaWF0IjoxNzQ4NDQzNTU2LCJqdGkiOiJmOTMyM2VmODBmMjc0ZTYzYjYyODUxNGU4NjM1OTc3YiIsInVzZXJfaWQiOjF9.X7FqySpItoIVc1fWxn1gZ19CJhrfL0TRG6a_zgzrdNs	2025-05-28 16:45:56.534303+02	2025-05-29 16:45:56+02	1
102	65e8cff1fb0b464fbc8f90b05eb3ae94	eyJ0eXAiOiJKV1QiLCJhbGciOiJIUzI1NiJ9.eyJ0b2tlbl90eXBlIjoicmVmcmVzaCIsImV4cCI6MTc0ODUzMDA0NiwiaWF0IjoxNzQ4NDQzNjQ2LCJqdGkiOiI2NWU4Y2ZmMWZiMGI0NjRmYmM4ZjkwYjA1ZWIzYWU5NCIsInVzZXJfaWQiOjF9.e_TzbzjILXlCmyj4JpeTdnfKy58QZJ_ZuN2vK6GP6iE	2025-05-28 16:47:26.585356+02	2025-05-29 16:47:26+02	1
103	2d0f8ea45a454e8098fa9b3331a0d06d	eyJ0eXAiOiJKV1QiLCJhbGciOiJIUzI1NiJ9.eyJ0b2tlbl90eXBlIjoicmVmcmVzaCIsImV4cCI6MTc0ODUzNTMxMSwiaWF0IjoxNzQ4NDQ4OTExLCJqdGkiOiIyZDBmOGVhNDVhNDU0ZTgwOThmYTliMzMzMWEwZDA2ZCIsInVzZXJfaWQiOjF9.jCXx-RkZZhlIgTEBmjKSgT20iLbppTJ_XlUFkPghp3Q	2025-05-28 18:15:11.004101+02	2025-05-29 18:15:11+02	1
104	d3717f07c34240429bdd16ce69a8524f	eyJ0eXAiOiJKV1QiLCJhbGciOiJIUzI1NiJ9.eyJ0b2tlbl90eXBlIjoicmVmcmVzaCIsImV4cCI6MTc0ODUzNTkxNCwiaWF0IjoxNzQ4NDQ5NTE0LCJqdGkiOiJkMzcxN2YwN2MzNDI0MDQyOWJkZDE2Y2U2OWE4NTI0ZiIsInVzZXJfaWQiOjF9.WRWs-Q6i9ghq3wJOmbC_gUmLoplehJCxOnFuRuhrV0s	2025-05-28 18:25:14.52165+02	2025-05-29 18:25:14+02	1
105	2ba8f68c06d94fe59ab81bdd91edcdd2	eyJ0eXAiOiJKV1QiLCJhbGciOiJIUzI1NiJ9.eyJ0b2tlbl90eXBlIjoicmVmcmVzaCIsImV4cCI6MTc0ODUzNjI1NCwiaWF0IjoxNzQ4NDQ5ODU0LCJqdGkiOiIyYmE4ZjY4YzA2ZDk0ZmU1OWFiODFiZGQ5MWVkY2RkMiIsInVzZXJfaWQiOjF9.0bEXRa2ZfK1LjMXr50NVZ9e5kARstMTDhB_tYYrzqmQ	2025-05-28 18:30:54.749195+02	2025-05-29 18:30:54+02	1
106	8654922aaa36406584bc8e425c2653d9	eyJ0eXAiOiJKV1QiLCJhbGciOiJIUzI1NiJ9.eyJ0b2tlbl90eXBlIjoicmVmcmVzaCIsImV4cCI6MTc0ODUzNjg0OCwiaWF0IjoxNzQ4NDUwNDQ4LCJqdGkiOiI4NjU0OTIyYWFhMzY0MDY1ODRiYzhlNDI1YzI2NTNkOSIsInVzZXJfaWQiOjF9.RMkrs95DyNEhjGHD24qDojz7j8-akrvjkaj53krZdp4	2025-05-28 18:40:48.270069+02	2025-05-29 18:40:48+02	1
107	2885d9159d32438cabc7d78d6c2fdf5f	eyJ0eXAiOiJKV1QiLCJhbGciOiJIUzI1NiJ9.eyJ0b2tlbl90eXBlIjoicmVmcmVzaCIsImV4cCI6MTc0ODUzNzYxNywiaWF0IjoxNzQ4NDUxMjE3LCJqdGkiOiIyODg1ZDkxNTlkMzI0MzhjYWJjN2Q3OGQ2YzJmZGY1ZiIsInVzZXJfaWQiOjF9.m-HGqPjr4FS7lFL3IaPPXq7u2Llbgw8_EoTF8d_5Zyo	2025-05-28 18:53:37.482959+02	2025-05-29 18:53:37+02	1
108	1810bbb4075e464bbbf8a9ad1a9d5906	eyJ0eXAiOiJKV1QiLCJhbGciOiJIUzI1NiJ9.eyJ0b2tlbl90eXBlIjoicmVmcmVzaCIsImV4cCI6MTc0ODU5NDIwOSwiaWF0IjoxNzQ4NTA3ODA5LCJqdGkiOiIxODEwYmJiNDA3NWU0NjRiYmJmOGE5YWQxYTlkNTkwNiIsInVzZXJfaWQiOjF9.hvWRe8RjbvXx8wVgLm5VJwBDJvRu37lzh19xvjGO9vc	2025-05-29 10:36:49.085552+02	2025-05-30 10:36:49+02	1
109	3265da1552aa453ca96863c5f26d8f1d	eyJ0eXAiOiJKV1QiLCJhbGciOiJIUzI1NiJ9.eyJ0b2tlbl90eXBlIjoicmVmcmVzaCIsImV4cCI6MTc0ODU5NDgxNCwiaWF0IjoxNzQ4NTA4NDE0LCJqdGkiOiIzMjY1ZGExNTUyYWE0NTNjYTk2ODYzYzVmMjZkOGYxZCIsInVzZXJfaWQiOjF9.GKqd8bV9Emn3stfibeuNdK7evyDd2tHHVy1xm19l7Y4	2025-05-29 10:46:54.543312+02	2025-05-30 10:46:54+02	1
110	c71ca1926b734fbca147e19f4dd976bf	eyJ0eXAiOiJKV1QiLCJhbGciOiJIUzI1NiJ9.eyJ0b2tlbl90eXBlIjoicmVmcmVzaCIsImV4cCI6MTc0ODU5NzA2MywiaWF0IjoxNzQ4NTEwNjYzLCJqdGkiOiJjNzFjYTE5MjZiNzM0ZmJjYTE0N2UxOWY0ZGQ5NzZiZiIsInVzZXJfaWQiOjF9.f7qa5ENGkkpFH3iA7lUDqb_LHH3YA3tKCp_54BGrt2U	2025-05-29 11:24:23.009667+02	2025-05-30 11:24:23+02	1
111	18b78419859948a398b7712700085010	eyJ0eXAiOiJKV1QiLCJhbGciOiJIUzI1NiJ9.eyJ0b2tlbl90eXBlIjoicmVmcmVzaCIsImV4cCI6MTc0ODU5ODc3MiwiaWF0IjoxNzQ4NTEyMzcyLCJqdGkiOiIxOGI3ODQxOTg1OTk0OGEzOThiNzcxMjcwMDA4NTAxMCIsInVzZXJfaWQiOjF9.rlb3WkEwbr4_J2pAcNy1yU_vuS2OfKizGxv61OBXiLs	2025-05-29 11:52:52.109287+02	2025-05-30 11:52:52+02	1
112	fb8710043e294c7688dffaaffa14ea70	eyJ0eXAiOiJKV1QiLCJhbGciOiJIUzI1NiJ9.eyJ0b2tlbl90eXBlIjoicmVmcmVzaCIsImV4cCI6MTc0ODU5OTE5MCwiaWF0IjoxNzQ4NTEyNzkwLCJqdGkiOiJmYjg3MTAwNDNlMjk0Yzc2ODhkZmZhYWZmYTE0ZWE3MCIsInVzZXJfaWQiOjF9.DSss5qaMDKeB2PEYjw2_m8Ohuus_lasFyvNvXrsU18c	2025-05-29 11:59:50.202753+02	2025-05-30 11:59:50+02	1
113	6452719a6fb24e1098acd9eca5ec3dd0	eyJ0eXAiOiJKV1QiLCJhbGciOiJIUzI1NiJ9.eyJ0b2tlbl90eXBlIjoicmVmcmVzaCIsImV4cCI6MTc0ODYwNzI3NCwiaWF0IjoxNzQ4NTIwODc0LCJqdGkiOiI2NDUyNzE5YTZmYjI0ZTEwOThhY2Q5ZWNhNWVjM2RkMCIsInVzZXJfaWQiOjF9.iThW99aPkaog3d6jRyE_yonYd5AVGqx4sBH2HD9Vv-E	2025-05-29 14:14:34.444306+02	2025-05-30 14:14:34+02	1
114	c970458eec0a436391bdf19d40dd7332	eyJ0eXAiOiJKV1QiLCJhbGciOiJIUzI1NiJ9.eyJ0b2tlbl90eXBlIjoicmVmcmVzaCIsImV4cCI6MTc0ODYwODM2MSwiaWF0IjoxNzQ4NTIxOTYxLCJqdGkiOiJjOTcwNDU4ZWVjMGE0MzYzOTFiZGYxOWQ0MGRkNzMzMiIsInVzZXJfaWQiOjF9.4bKjxGqusqcjZHCUU3ThYhGYF8c0kJbqtlxtrq4X9IE	2025-05-29 14:32:41.071785+02	2025-05-30 14:32:41+02	1
115	852d62a8d4bc4909bbfbbc9f3cc4c253	eyJ0eXAiOiJKV1QiLCJhbGciOiJIUzI1NiJ9.eyJ0b2tlbl90eXBlIjoicmVmcmVzaCIsImV4cCI6MTc0ODYwOTAxOSwiaWF0IjoxNzQ4NTIyNjE5LCJqdGkiOiI4NTJkNjJhOGQ0YmM0OTA5YmJmYmJjOWYzY2M0YzI1MyIsInVzZXJfaWQiOjF9.IdxU-sdnzIsHGOUuDBJLLemtucQoYkJpMCT9rHzzC2o	2025-05-29 14:43:39.878678+02	2025-05-30 14:43:39+02	1
116	58b46dc1708b47908adb0fe84b382dc7	eyJ0eXAiOiJKV1QiLCJhbGciOiJIUzI1NiJ9.eyJ0b2tlbl90eXBlIjoicmVmcmVzaCIsImV4cCI6MTc0ODYwOTM5NiwiaWF0IjoxNzQ4NTIyOTk2LCJqdGkiOiI1OGI0NmRjMTcwOGI0NzkwOGFkYjBmZTg0YjM4MmRjNyIsInVzZXJfaWQiOjF9.qqqsvi_o1TMuqhhpgpW1txO4FSNN4Vt_BbaUDzd-rV8	2025-05-29 14:49:56.220081+02	2025-05-30 14:49:56+02	1
117	e3dd2fd329f2417381adf12bfff3a1b0	eyJ0eXAiOiJKV1QiLCJhbGciOiJIUzI1NiJ9.eyJ0b2tlbl90eXBlIjoicmVmcmVzaCIsImV4cCI6MTc0ODYwOTg4MywiaWF0IjoxNzQ4NTIzNDgzLCJqdGkiOiJlM2RkMmZkMzI5ZjI0MTczODFhZGYxMmJmZmYzYTFiMCIsInVzZXJfaWQiOjF9.fSEgXwaWg7rllNetTjDdfaEC9k8bB1_TrVw28GXUdi8	2025-05-29 14:58:03.433797+02	2025-05-30 14:58:03+02	1
118	eeaee5d80f0846f5814234d72701f56d	eyJ0eXAiOiJKV1QiLCJhbGciOiJIUzI1NiJ9.eyJ0b2tlbl90eXBlIjoicmVmcmVzaCIsImV4cCI6MTc0ODYxMDMyOCwiaWF0IjoxNzQ4NTIzOTI4LCJqdGkiOiJlZWFlZTVkODBmMDg0NmY1ODE0MjM0ZDcyNzAxZjU2ZCIsInVzZXJfaWQiOjF9.slmZJwBHg2LF9MqatoxJKz6t4rVuVh6_1bJyDDSZSqk	2025-05-29 15:05:28.620967+02	2025-05-30 15:05:28+02	1
119	7c8d90f86f4a42f0a56225cdab523d86	eyJ0eXAiOiJKV1QiLCJhbGciOiJIUzI1NiJ9.eyJ0b2tlbl90eXBlIjoicmVmcmVzaCIsImV4cCI6MTc0ODYxMTQ0MSwiaWF0IjoxNzQ4NTI1MDQxLCJqdGkiOiI3YzhkOTBmODZmNGE0MmYwYTU2MjI1Y2RhYjUyM2Q4NiIsInVzZXJfaWQiOjF9.yBBvpduiu2OzBULWaUMW72iBczv5iXJ8NShxvxoJI1o	2025-05-29 15:24:01.325058+02	2025-05-30 15:24:01+02	1
120	1afd8d7c834846ccbe44dff586ff5fff	eyJ0eXAiOiJKV1QiLCJhbGciOiJIUzI1NiJ9.eyJ0b2tlbl90eXBlIjoicmVmcmVzaCIsImV4cCI6MTc0ODYxMTk4NywiaWF0IjoxNzQ4NTI1NTg3LCJqdGkiOiIxYWZkOGQ3YzgzNDg0NmNjYmU0NGRmZjU4NmZmNWZmZiIsInVzZXJfaWQiOjF9.VR5s-xVzh3fdwVX49vgkOHtNYFGSmsRrExt5uo3ad_I	2025-05-29 15:33:07.019156+02	2025-05-30 15:33:07+02	1
121	804ebfe5ee20477c90b105e2155a61e9	eyJ0eXAiOiJKV1QiLCJhbGciOiJIUzI1NiJ9.eyJ0b2tlbl90eXBlIjoicmVmcmVzaCIsImV4cCI6MTc0ODYxNTgwOSwiaWF0IjoxNzQ4NTI5NDA5LCJqdGkiOiI4MDRlYmZlNWVlMjA0NzdjOTBiMTA1ZTIxNTVhNjFlOSIsInVzZXJfaWQiOjF9.f5bk29VAK8LTyFnNs46J3OWsOK5XfakB-7iVPKkwuJM	2025-05-29 16:36:49.263565+02	2025-05-30 16:36:49+02	1
122	06e4f8da508049798c7b67dc8f21c069	eyJ0eXAiOiJKV1QiLCJhbGciOiJIUzI1NiJ9.eyJ0b2tlbl90eXBlIjoicmVmcmVzaCIsImV4cCI6MTc0ODYxNjQzNiwiaWF0IjoxNzQ4NTMwMDM2LCJqdGkiOiIwNmU0ZjhkYTUwODA0OTc5OGM3YjY3ZGM4ZjIxYzA2OSIsInVzZXJfaWQiOjF9.hJi5RZxMk8Z2sHlnzUXlRyVCGbjmAbqgUwiSo5wOpjw	2025-05-29 16:47:16.68226+02	2025-05-30 16:47:16+02	1
123	4fd924bd7dc44406b213b951f1e8d439	eyJ0eXAiOiJKV1QiLCJhbGciOiJIUzI1NiJ9.eyJ0b2tlbl90eXBlIjoicmVmcmVzaCIsImV4cCI6MTc0ODYxNjc5MCwiaWF0IjoxNzQ4NTMwMzkwLCJqdGkiOiI0ZmQ5MjRiZDdkYzQ0NDA2YjIxM2I5NTFmMWU4ZDQzOSIsInVzZXJfaWQiOjF9.Lv8DKeiEfBidVdNqQeiWA65b0E3jSgqxk5PON37gj3o	2025-05-29 16:53:10.946904+02	2025-05-30 16:53:10+02	1
124	186a479dd50c42e0b3768e93f2c7e0fe	eyJ0eXAiOiJKV1QiLCJhbGciOiJIUzI1NiJ9.eyJ0b2tlbl90eXBlIjoicmVmcmVzaCIsImV4cCI6MTc0ODYxNzEyOCwiaWF0IjoxNzQ4NTMwNzI4LCJqdGkiOiIxODZhNDc5ZGQ1MGM0MmUwYjM3NjhlOTNmMmM3ZTBmZSIsInVzZXJfaWQiOjF9.VVrIBtrpgjLLFkvRsdyEn7UV5YtFLzjU32GBczPgzZA	2025-05-29 16:58:48.566819+02	2025-05-30 16:58:48+02	1
125	8833009494594f2aaf723753005caf55	eyJ0eXAiOiJKV1QiLCJhbGciOiJIUzI1NiJ9.eyJ0b2tlbl90eXBlIjoicmVmcmVzaCIsImV4cCI6MTc0ODYxNzY5MSwiaWF0IjoxNzQ4NTMxMjkxLCJqdGkiOiI4ODMzMDA5NDk0NTk0ZjJhYWY3MjM3NTMwMDVjYWY1NSIsInVzZXJfaWQiOjF9.fPsGlDo4buOEwPqzUnAWUVjZ_pZATGA16ajhFQnstgk	2025-05-29 17:08:11.869096+02	2025-05-30 17:08:11+02	1
126	aaa8561c835645b19ff734c290b1d2cd	eyJ0eXAiOiJKV1QiLCJhbGciOiJIUzI1NiJ9.eyJ0b2tlbl90eXBlIjoicmVmcmVzaCIsImV4cCI6MTc0ODYxODE1OCwiaWF0IjoxNzQ4NTMxNzU4LCJqdGkiOiJhYWE4NTYxYzgzNTY0NWIxOWZmNzM0YzI5MGIxZDJjZCIsInVzZXJfaWQiOjF9._jjBxHovU9dAg4DKjgsM_HLMH0x5iCuknPm1E7jf6w4	2025-05-29 17:15:58.513226+02	2025-05-30 17:15:58+02	1
127	0ed2b5c8f5774f1db4d29e7b82798be2	eyJ0eXAiOiJKV1QiLCJhbGciOiJIUzI1NiJ9.eyJ0b2tlbl90eXBlIjoicmVmcmVzaCIsImV4cCI6MTc0ODYxODU2NiwiaWF0IjoxNzQ4NTMyMTY2LCJqdGkiOiIwZWQyYjVjOGY1Nzc0ZjFkYjRkMjllN2I4Mjc5OGJlMiIsInVzZXJfaWQiOjF9.1Ao1PP0--r2tDAHcSiQSP-fED5Suhq5aIg65vSzHoas	2025-05-29 17:22:46.073532+02	2025-05-30 17:22:46+02	1
128	5998ae94348b4cf4b31559934cfd988e	eyJ0eXAiOiJKV1QiLCJhbGciOiJIUzI1NiJ9.eyJ0b2tlbl90eXBlIjoicmVmcmVzaCIsImV4cCI6MTc0ODYxOTQ4MywiaWF0IjoxNzQ4NTMzMDgzLCJqdGkiOiI1OTk4YWU5NDM0OGI0Y2Y0YjMxNTU5OTM0Y2ZkOTg4ZSIsInVzZXJfaWQiOjF9.vo83nuvwKOQ_UCJub75ftSFTCfgDFtxhqsyzdXnMA_A	2025-05-29 17:38:03.813072+02	2025-05-30 17:38:03+02	1
129	4f280090544a4d8282aa868646adf26a	eyJ0eXAiOiJKV1QiLCJhbGciOiJIUzI1NiJ9.eyJ0b2tlbl90eXBlIjoicmVmcmVzaCIsImV4cCI6MTc0ODYyMDAyMSwiaWF0IjoxNzQ4NTMzNjIxLCJqdGkiOiI0ZjI4MDA5MDU0NGE0ZDgyODJhYTg2ODY0NmFkZjI2YSIsInVzZXJfaWQiOjF9.LbZJhiiRX93X2BOhmf0z4iZ8pXI_E_w6arFdx7maUEs	2025-05-29 17:47:01.872982+02	2025-05-30 17:47:01+02	1
130	fdc0c6b9b8714c38a78a68cdec47a30b	eyJ0eXAiOiJKV1QiLCJhbGciOiJIUzI1NiJ9.eyJ0b2tlbl90eXBlIjoicmVmcmVzaCIsImV4cCI6MTc0ODYyMDQ3NSwiaWF0IjoxNzQ4NTM0MDc1LCJqdGkiOiJmZGMwYzZiOWI4NzE0YzM4YTc4YTY4Y2RlYzQ3YTMwYiIsInVzZXJfaWQiOjF9.E0-PbZ1fEkEZf6HUPv7yJ2c8JDY29vtbSolIyLWrHwI	2025-05-29 17:54:35.228756+02	2025-05-30 17:54:35+02	1
131	7563ffaf8a204b1faacb4fc7cf6db678	eyJ0eXAiOiJKV1QiLCJhbGciOiJIUzI1NiJ9.eyJ0b2tlbl90eXBlIjoicmVmcmVzaCIsImV4cCI6MTc0ODYyMDk2MiwiaWF0IjoxNzQ4NTM0NTYyLCJqdGkiOiI3NTYzZmZhZjhhMjA0YjFmYWFjYjRmYzdjZjZkYjY3OCIsInVzZXJfaWQiOjF9.6y2n-GdZbWjyKZ37AjOl_B6_QaLw6iBRK2rfwecIggw	2025-05-29 18:02:42.474662+02	2025-05-30 18:02:42+02	1
132	9373b88993cd4fbd87a9acea902bf114	eyJ0eXAiOiJKV1QiLCJhbGciOiJIUzI1NiJ9.eyJ0b2tlbl90eXBlIjoicmVmcmVzaCIsImV4cCI6MTc0ODYyMTQ4MSwiaWF0IjoxNzQ4NTM1MDgxLCJqdGkiOiI5MzczYjg4OTkzY2Q0ZmJkODdhOWFjZWE5MDJiZjExNCIsInVzZXJfaWQiOjF9.L8vg1Cz2YTtXNVapCoWGupHXolYunKV5aK4wayY-D5g	2025-05-29 18:11:21.400809+02	2025-05-30 18:11:21+02	1
133	2539e87b2b954c2ba2aa78d506b94800	eyJ0eXAiOiJKV1QiLCJhbGciOiJIUzI1NiJ9.eyJ0b2tlbl90eXBlIjoicmVmcmVzaCIsImV4cCI6MTc0ODYyMTgxMiwiaWF0IjoxNzQ4NTM1NDEyLCJqdGkiOiIyNTM5ZTg3YjJiOTU0YzJiYTJhYTc4ZDUwNmI5NDgwMCIsInVzZXJfaWQiOjF9.gIfmLfgLfu4_-dJELNUd5q8X5jUSempnmeg9YqOoNF8	2025-05-29 18:16:52.804092+02	2025-05-30 18:16:52+02	1
134	541e35d24efe4f9b96721dce4857b9e0	eyJ0eXAiOiJKV1QiLCJhbGciOiJIUzI1NiJ9.eyJ0b2tlbl90eXBlIjoicmVmcmVzaCIsImV4cCI6MTc0ODYyMzA3MSwiaWF0IjoxNzQ4NTM2NjcxLCJqdGkiOiI1NDFlMzVkMjRlZmU0ZjliOTY3MjFkY2U0ODU3YjllMCIsInVzZXJfaWQiOjF9.AQMIU2SM7-C9p5Eq7KOqsuLDeoBYcJjSWnzeMVvVYR0	2025-05-29 18:37:51.482654+02	2025-05-30 18:37:51+02	1
135	985efb436a9d4dd983f6c4f2e3e66a33	eyJ0eXAiOiJKV1QiLCJhbGciOiJIUzI1NiJ9.eyJ0b2tlbl90eXBlIjoicmVmcmVzaCIsImV4cCI6MTc0ODYyMzQwNCwiaWF0IjoxNzQ4NTM3MDA0LCJqdGkiOiI5ODVlZmI0MzZhOWQ0ZGQ5ODNmNmM0ZjJlM2U2NmEzMyIsInVzZXJfaWQiOjF9.UTvsJ0vAdsN61zm5Cj2KJVrn3u2gx-mNvpncSqk9gsQ	2025-05-29 18:43:24.162826+02	2025-05-30 18:43:24+02	1
136	aa1f73e884fb4bd8bdf09ec814b7149b	eyJ0eXAiOiJKV1QiLCJhbGciOiJIUzI1NiJ9.eyJ0b2tlbl90eXBlIjoicmVmcmVzaCIsImV4cCI6MTc0ODYyMzc0NiwiaWF0IjoxNzQ4NTM3MzQ2LCJqdGkiOiJhYTFmNzNlODg0ZmI0YmQ4YmRmMDllYzgxNGI3MTQ5YiIsInVzZXJfaWQiOjF9.iKp6FHaHdFhpS8tB_jzdWqWs9-8GS164dRt5I5JpuH4	2025-05-29 18:49:06.85344+02	2025-05-30 18:49:06+02	1
137	7d8df535a1ec4ea08efdf72528c1beaf	eyJ0eXAiOiJKV1QiLCJhbGciOiJIUzI1NiJ9.eyJ0b2tlbl90eXBlIjoicmVmcmVzaCIsImV4cCI6MTc0ODYyNDE3NSwiaWF0IjoxNzQ4NTM3Nzc1LCJqdGkiOiI3ZDhkZjUzNWExZWM0ZWEwOGVmZGY3MjUyOGMxYmVhZiIsInVzZXJfaWQiOjF9.mEvBaIba6b4BEL3v1TA-PmdftSodosvwMdiqwk4L2b0	2025-05-29 18:56:15.328838+02	2025-05-30 18:56:15+02	1
138	0f9de784a05f474ab63d4220e9e54c28	eyJ0eXAiOiJKV1QiLCJhbGciOiJIUzI1NiJ9.eyJ0b2tlbl90eXBlIjoicmVmcmVzaCIsImV4cCI6MTc0ODYyNTEzNiwiaWF0IjoxNzQ4NTM4NzM2LCJqdGkiOiIwZjlkZTc4NGEwNWY0NzRhYjYzZDQyMjBlOWU1NGMyOCIsInVzZXJfaWQiOjF9._TjrjREfFIUztlkJgOrDcoYH1_yRs3tuMBaAHNc3DSs	2025-05-29 19:12:16.721851+02	2025-05-30 19:12:16+02	1
139	a8f943d3e723416ea3905254d30f1a3f	eyJ0eXAiOiJKV1QiLCJhbGciOiJIUzI1NiJ9.eyJ0b2tlbl90eXBlIjoicmVmcmVzaCIsImV4cCI6MTc0ODYyNTQ2NywiaWF0IjoxNzQ4NTM5MDY3LCJqdGkiOiJhOGY5NDNkM2U3MjM0MTZlYTM5MDUyNTRkMzBmMWEzZiIsInVzZXJfaWQiOjF9.oezHG_vA5ERBgeOXJ-syoOM0DQH6zsH73v6Av2rsSG8	2025-05-29 19:17:47.611644+02	2025-05-30 19:17:47+02	1
140	17408f94c7f2493e91e1ee0e65db8497	eyJ0eXAiOiJKV1QiLCJhbGciOiJIUzI1NiJ9.eyJ0b2tlbl90eXBlIjoicmVmcmVzaCIsImV4cCI6MTc0ODYyNTg3NiwiaWF0IjoxNzQ4NTM5NDc2LCJqdGkiOiIxNzQwOGY5NGM3ZjI0OTNlOTFlMWVlMGU2NWRiODQ5NyIsInVzZXJfaWQiOjF9.HDy7xlvGOTSq6Xvw9L2eSAoFt_H2FPODVlrV1FQRjzw	2025-05-29 19:24:36.191429+02	2025-05-30 19:24:36+02	1
141	5ed23ae5f2ca49579174d081db7c7155	eyJ0eXAiOiJKV1QiLCJhbGciOiJIUzI1NiJ9.eyJ0b2tlbl90eXBlIjoicmVmcmVzaCIsImV4cCI6MTc0ODY5MDAzOCwiaWF0IjoxNzQ4NjAzNjM4LCJqdGkiOiI1ZWQyM2FlNWYyY2E0OTU3OTE3NGQwODFkYjdjNzE1NSIsInVzZXJfaWQiOjF9.jvEvd4FE605rMth_aQ7UoUw_wK8SzdDPCeLNnkzusRU	2025-05-30 13:13:58.337635+02	2025-05-31 13:13:58+02	1
142	877e8319852147e5ae4affdded06ebcf	eyJ0eXAiOiJKV1QiLCJhbGciOiJIUzI1NiJ9.eyJ0b2tlbl90eXBlIjoicmVmcmVzaCIsImV4cCI6MTc0ODY5MTI1NCwiaWF0IjoxNzQ4NjA0ODU0LCJqdGkiOiI4NzdlODMxOTg1MjE0N2U1YWU0YWZmZGRlZDA2ZWJjZiIsInVzZXJfaWQiOjF9.W0xeGyMamvI6Q6pkzJARDDStXLPu0zqC_FgEbPF2cx0	2025-05-30 13:34:14.331754+02	2025-05-31 13:34:14+02	1
143	51e4f67883474d339ee9102582dff466	eyJ0eXAiOiJKV1QiLCJhbGciOiJIUzI1NiJ9.eyJ0b2tlbl90eXBlIjoicmVmcmVzaCIsImV4cCI6MTc0ODY5MTgxMiwiaWF0IjoxNzQ4NjA1NDEyLCJqdGkiOiI1MWU0ZjY3ODgzNDc0ZDMzOWVlOTEwMjU4MmRmZjQ2NiIsInVzZXJfaWQiOjF9.XY_2UK0mWv9Ox6UsCsg9az-Ayzr_3nzyHk09ev1KYps	2025-05-30 13:43:32.876351+02	2025-05-31 13:43:32+02	1
144	f0b1b95c1d4345bf9787b61a001f1bee	eyJ0eXAiOiJKV1QiLCJhbGciOiJIUzI1NiJ9.eyJ0b2tlbl90eXBlIjoicmVmcmVzaCIsImV4cCI6MTc0ODY5MjY4NywiaWF0IjoxNzQ4NjA2Mjg3LCJqdGkiOiJmMGIxYjk1YzFkNDM0NWJmOTc4N2I2MWEwMDFmMWJlZSIsInVzZXJfaWQiOjF9.0WX77DWgkrpE-cAi4J9wwnE_GTuzh3FlM-Rpi6QcLjY	2025-05-30 13:58:07.379757+02	2025-05-31 13:58:07+02	1
145	133db022aea94feb89637cff01c38ac1	eyJ0eXAiOiJKV1QiLCJhbGciOiJIUzI1NiJ9.eyJ0b2tlbl90eXBlIjoicmVmcmVzaCIsImV4cCI6MTc0ODY5MzQ4NSwiaWF0IjoxNzQ4NjA3MDg1LCJqdGkiOiIxMzNkYjAyMmFlYTk0ZmViODk2MzdjZmYwMWMzOGFjMSIsInVzZXJfaWQiOjF9.x3HvvBqhZ36pK3iIeBlQFAIV3jQtkXhrstdtxzvDhm0	2025-05-30 14:11:25.617899+02	2025-05-31 14:11:25+02	1
146	c41d7270a9f4451ab3dd61e1b893efb5	eyJ0eXAiOiJKV1QiLCJhbGciOiJIUzI1NiJ9.eyJ0b2tlbl90eXBlIjoicmVmcmVzaCIsImV4cCI6MTc0ODY5NDQyNCwiaWF0IjoxNzQ4NjA4MDI0LCJqdGkiOiJjNDFkNzI3MGE5ZjQ0NTFhYjNkZDYxZTFiODkzZWZiNSIsInVzZXJfaWQiOjF9.e3EGPwQOAXqk2Ry1-Xr2rX4qQb7Q-LkMY-yM27gD6OU	2025-05-30 14:27:04.248955+02	2025-05-31 14:27:04+02	1
147	46adab9f37d947978be1fb2013c110e7	eyJ0eXAiOiJKV1QiLCJhbGciOiJIUzI1NiJ9.eyJ0b2tlbl90eXBlIjoicmVmcmVzaCIsImV4cCI6MTc0ODY5NTc1MSwiaWF0IjoxNzQ4NjA5MzUxLCJqdGkiOiI0NmFkYWI5ZjM3ZDk0Nzk3OGJlMWZiMjAxM2MxMTBlNyIsInVzZXJfaWQiOjF9.lm4990H8RCpBoUiOz1Tp0xbZFUNunwTrWtgZur0ne34	2025-05-30 14:49:11.103071+02	2025-05-31 14:49:11+02	1
148	c5579b82a8914c08b1417492a3cee8e3	eyJ0eXAiOiJKV1QiLCJhbGciOiJIUzI1NiJ9.eyJ0b2tlbl90eXBlIjoicmVmcmVzaCIsImV4cCI6MTc0ODY5NjExOCwiaWF0IjoxNzQ4NjA5NzE4LCJqdGkiOiJjNTU3OWI4MmE4OTE0YzA4YjE0MTc0OTJhM2NlZThlMyIsInVzZXJfaWQiOjF9.Nqd18sBtbfXA6YmUsaM18BYzwvHg7jwJ84O2F880RDo	2025-05-30 14:55:18.688747+02	2025-05-31 14:55:18+02	1
149	c07fcb56e22a4a32a9bfb83cc7f1ad3c	eyJ0eXAiOiJKV1QiLCJhbGciOiJIUzI1NiJ9.eyJ0b2tlbl90eXBlIjoicmVmcmVzaCIsImV4cCI6MTc0ODY5NzY3NiwiaWF0IjoxNzQ4NjExMjc2LCJqdGkiOiJjMDdmY2I1NmUyMmE0YTMyYTliZmI4M2NjN2YxYWQzYyIsInVzZXJfaWQiOjF9.2IIIjAqhsZw78waduhT3zsU8rsfhBP0II0xTd5N_AP0	2025-05-30 15:21:16.749341+02	2025-05-31 15:21:16+02	1
150	07e2c91d944f4f2fb38f32efa40802d3	eyJ0eXAiOiJKV1QiLCJhbGciOiJIUzI1NiJ9.eyJ0b2tlbl90eXBlIjoicmVmcmVzaCIsImV4cCI6MTc0ODY5ODE2MSwiaWF0IjoxNzQ4NjExNzYxLCJqdGkiOiIwN2UyYzkxZDk0NGY0ZjJmYjM4ZjMyZWZhNDA4MDJkMyIsInVzZXJfaWQiOjF9.h_4mHC-vykOMl5wJhKjNfzvU6V78hh18KNQdic1nqwM	2025-05-30 15:29:21.199103+02	2025-05-31 15:29:21+02	1
151	cf26c9d23feb4724b8566bfce0eead7d	eyJ0eXAiOiJKV1QiLCJhbGciOiJIUzI1NiJ9.eyJ0b2tlbl90eXBlIjoicmVmcmVzaCIsImV4cCI6MTc0ODcwMDU0NiwiaWF0IjoxNzQ4NjE0MTQ2LCJqdGkiOiJjZjI2YzlkMjNmZWI0NzI0Yjg1NjZiZmNlMGVlYWQ3ZCIsInVzZXJfaWQiOjF9.s9C7OlGb1WKcSHpVq8YUQF0O9mel5Q3ID1o9HMR6enQ	2025-05-30 16:09:06.941322+02	2025-05-31 16:09:06+02	1
152	5e2808a30b904b6c9be5ce2a89feadf8	eyJ0eXAiOiJKV1QiLCJhbGciOiJIUzI1NiJ9.eyJ0b2tlbl90eXBlIjoicmVmcmVzaCIsImV4cCI6MTc0ODcwMjA2NiwiaWF0IjoxNzQ4NjE1NjY2LCJqdGkiOiI1ZTI4MDhhMzBiOTA0YjZjOWJlNWNlMmE4OWZlYWRmOCIsInVzZXJfaWQiOjF9.9gu3tT7sJe6tHZ_yEk0siftCPtOEh1ovl4sQHHQ01xk	2025-05-30 16:34:26.44349+02	2025-05-31 16:34:26+02	1
153	c63f0f064ad148d6be38434c0a3a722f	eyJ0eXAiOiJKV1QiLCJhbGciOiJIUzI1NiJ9.eyJ0b2tlbl90eXBlIjoicmVmcmVzaCIsImV4cCI6MTc0ODcwMjU0NSwiaWF0IjoxNzQ4NjE2MTQ1LCJqdGkiOiJjNjNmMGYwNjRhZDE0OGQ2YmUzODQzNGMwYTNhNzIyZiIsInVzZXJfaWQiOjF9.my7KsX_Gm1XXD12jM8WG6jwCxgXyTkIcDBx7qRDH3lE	2025-05-30 16:42:25.052899+02	2025-05-31 16:42:25+02	1
154	502bda460b9144ae9d19708bb8c6baed	eyJ0eXAiOiJKV1QiLCJhbGciOiJIUzI1NiJ9.eyJ0b2tlbl90eXBlIjoicmVmcmVzaCIsImV4cCI6MTc0ODcwMzQyMCwiaWF0IjoxNzQ4NjE3MDIwLCJqdGkiOiI1MDJiZGE0NjBiOTE0NGFlOWQxOTcwOGJiOGM2YmFlZCIsInVzZXJfaWQiOjF9.gBAUZDYrGNJbcw6JMD0x4HmrONDrv1A5SS5TVWFqJqY	2025-05-30 16:57:00.477569+02	2025-05-31 16:57:00+02	1
155	97a61c11e23a48b6ba86138e8ea01c94	eyJ0eXAiOiJKV1QiLCJhbGciOiJIUzI1NiJ9.eyJ0b2tlbl90eXBlIjoicmVmcmVzaCIsImV4cCI6MTc0ODcwMzg0OSwiaWF0IjoxNzQ4NjE3NDQ5LCJqdGkiOiI5N2E2MWMxMWUyM2E0OGI2YmE4NjEzOGU4ZWEwMWM5NCIsInVzZXJfaWQiOjF9.Yv1eXnlwKnJS_oGVWRtKRUUbVSuoJQwjYH0YmbXhe_0	2025-05-30 17:04:09.131883+02	2025-05-31 17:04:09+02	1
156	dc55106e268f4aeb8451dd35a2ab2db4	eyJ0eXAiOiJKV1QiLCJhbGciOiJIUzI1NiJ9.eyJ0b2tlbl90eXBlIjoicmVmcmVzaCIsImV4cCI6MTc0ODcwNDQ3NywiaWF0IjoxNzQ4NjE4MDc3LCJqdGkiOiJkYzU1MTA2ZTI2OGY0YWViODQ1MWRkMzVhMmFiMmRiNCIsInVzZXJfaWQiOjF9.uDUUO9Rcp44tjdQewyG2b1ajwApmxRnO7Ubvw2n013w	2025-05-30 17:14:37.152698+02	2025-05-31 17:14:37+02	1
157	ea65efaeeba7475eacee00429ad3e155	eyJ0eXAiOiJKV1QiLCJhbGciOiJIUzI1NiJ9.eyJ0b2tlbl90eXBlIjoicmVmcmVzaCIsImV4cCI6MTc0ODcwNDk5NSwiaWF0IjoxNzQ4NjE4NTk1LCJqdGkiOiJlYTY1ZWZhZWViYTc0NzVlYWNlZTAwNDI5YWQzZTE1NSIsInVzZXJfaWQiOjF9.29N3OOxgRjSJihK0V9EMSPKlgXJG2Wde3MfWd4TIKTU	2025-05-30 17:23:15.935746+02	2025-05-31 17:23:15+02	1
158	809d546ebcac43c39cdafd346885e873	eyJ0eXAiOiJKV1QiLCJhbGciOiJIUzI1NiJ9.eyJ0b2tlbl90eXBlIjoicmVmcmVzaCIsImV4cCI6MTc0ODcwNTM4MywiaWF0IjoxNzQ4NjE4OTgzLCJqdGkiOiI4MDlkNTQ2ZWJjYWM0M2MzOWNkYWZkMzQ2ODg1ZTg3MyIsInVzZXJfaWQiOjF9.IrCbRBx6idkqucxF0UnWmkip77zE7FvoVkSAAoBrrjk	2025-05-30 17:29:43.434098+02	2025-05-31 17:29:43+02	1
159	cc604e3c92d349b3828a44a331525d68	eyJ0eXAiOiJKV1QiLCJhbGciOiJIUzI1NiJ9.eyJ0b2tlbl90eXBlIjoicmVmcmVzaCIsImV4cCI6MTc0ODcwNTc5NSwiaWF0IjoxNzQ4NjE5Mzk1LCJqdGkiOiJjYzYwNGUzYzkyZDM0OWIzODI4YTQ0YTMzMTUyNWQ2OCIsInVzZXJfaWQiOjF9.zb2vElQJ8C0-siEHJUKaOPVJp6CQZGhEvUy2GuZK4Ck	2025-05-30 17:36:35.029712+02	2025-05-31 17:36:35+02	1
160	bd62f9fb7ade4f2a9bafe90cd7d12916	eyJ0eXAiOiJKV1QiLCJhbGciOiJIUzI1NiJ9.eyJ0b2tlbl90eXBlIjoicmVmcmVzaCIsImV4cCI6MTc0ODcwNjE3MiwiaWF0IjoxNzQ4NjE5NzcyLCJqdGkiOiJiZDYyZjlmYjdhZGU0ZjJhOWJhZmU5MGNkN2QxMjkxNiIsInVzZXJfaWQiOjF9.0a48jufWXstX20JUR7n83qWjLBpJRqGN2EGQA0Wwms4	2025-05-30 17:42:52.996571+02	2025-05-31 17:42:52+02	1
161	aff0a0c600554662abd1b7d053b50677	eyJ0eXAiOiJKV1QiLCJhbGciOiJIUzI1NiJ9.eyJ0b2tlbl90eXBlIjoicmVmcmVzaCIsImV4cCI6MTc0ODcwNjk5NywiaWF0IjoxNzQ4NjIwNTk3LCJqdGkiOiJhZmYwYTBjNjAwNTU0NjYyYWJkMWI3ZDA1M2I1MDY3NyIsInVzZXJfaWQiOjF9.OMBiVEg9IggSGgdIH5MVX98MAQ48oSueydMrosW3sNg	2025-05-30 17:56:37.92905+02	2025-05-31 17:56:37+02	1
162	4e792f7be5fc4a5bbb8810b08b82eea6	eyJ0eXAiOiJKV1QiLCJhbGciOiJIUzI1NiJ9.eyJ0b2tlbl90eXBlIjoicmVmcmVzaCIsImV4cCI6MTc0ODcwNzUzNCwiaWF0IjoxNzQ4NjIxMTM0LCJqdGkiOiI0ZTc5MmY3YmU1ZmM0YTViYmI4ODEwYjA4YjgyZWVhNiIsInVzZXJfaWQiOjF9.Z5RiMFKTn0ffljn6O7c9dVvevuq4RSESQirs04NDybM	2025-05-30 18:05:34.063255+02	2025-05-31 18:05:34+02	1
163	d6f71b2c215a4623a07e5743cc14c956	eyJ0eXAiOiJKV1QiLCJhbGciOiJIUzI1NiJ9.eyJ0b2tlbl90eXBlIjoicmVmcmVzaCIsImV4cCI6MTc0ODcwODU5NSwiaWF0IjoxNzQ4NjIyMTk1LCJqdGkiOiJkNmY3MWIyYzIxNWE0NjIzYTA3ZTU3NDNjYzE0Yzk1NiIsInVzZXJfaWQiOjF9.7D3cIPmDK-BoGoN6fWSLAJWi-7XzKq49UPuOZSvhlZs	2025-05-30 18:23:15.679052+02	2025-05-31 18:23:15+02	1
164	135efcc793aa42eeb2c51a520f55bfc2	eyJ0eXAiOiJKV1QiLCJhbGciOiJIUzI1NiJ9.eyJ0b2tlbl90eXBlIjoicmVmcmVzaCIsImV4cCI6MTc0ODcwOTA0MCwiaWF0IjoxNzQ4NjIyNjQwLCJqdGkiOiIxMzVlZmNjNzkzYWE0MmVlYjJjNTFhNTIwZjU1YmZjMiIsInVzZXJfaWQiOjF9.SUHjPRN1ZGlIt4mx4J0HTFGmFKadYpQf34vh5Gxf5JM	2025-05-30 18:30:40.168614+02	2025-05-31 18:30:40+02	1
165	3163c2d4307c467da3a990c6d67c70c2	eyJ0eXAiOiJKV1QiLCJhbGciOiJIUzI1NiJ9.eyJ0b2tlbl90eXBlIjoicmVmcmVzaCIsImV4cCI6MTc0ODc3NTcyOCwiaWF0IjoxNzQ4Njg5MzI4LCJqdGkiOiIzMTYzYzJkNDMwN2M0NjdkYTNhOTkwYzZkNjdjNzBjMiIsInVzZXJfaWQiOjF9.Am0bBE3lIK982ecIhyLBByb8h-uA1QwYBSFxtwB4t1U	2025-05-31 13:02:08.452768+02	2025-06-01 13:02:08+02	1
166	35ad8e8a51a4426483ce04de7775e985	eyJ0eXAiOiJKV1QiLCJhbGciOiJIUzI1NiJ9.eyJ0b2tlbl90eXBlIjoicmVmcmVzaCIsImV4cCI6MTc0ODc3NjE0NCwiaWF0IjoxNzQ4Njg5NzQ0LCJqdGkiOiIzNWFkOGU4YTUxYTQ0MjY0ODNjZTA0ZGU3Nzc1ZTk4NSIsInVzZXJfaWQiOjF9.30QL6zsCBjfX4ehTbx-1k_l5LeQzH1wSmoedGSiKDpc	2025-05-31 13:09:04.523405+02	2025-06-01 13:09:04+02	1
167	c67499faadb141189fc436ce9efd178c	eyJ0eXAiOiJKV1QiLCJhbGciOiJIUzI1NiJ9.eyJ0b2tlbl90eXBlIjoicmVmcmVzaCIsImV4cCI6MTc0ODc3NjUxOCwiaWF0IjoxNzQ4NjkwMTE4LCJqdGkiOiJjNjc0OTlmYWFkYjE0MTE4OWZjNDM2Y2U5ZWZkMTc4YyIsInVzZXJfaWQiOjF9.eIiXom6-RnI8g647GvW8PZAqHU_Vfsx59NGgvzn0gaI	2025-05-31 13:15:18.650059+02	2025-06-01 13:15:18+02	1
168	055b29fde1f1453685ca96619339a1af	eyJ0eXAiOiJKV1QiLCJhbGciOiJIUzI1NiJ9.eyJ0b2tlbl90eXBlIjoicmVmcmVzaCIsImV4cCI6MTc0ODc3ODQzNSwiaWF0IjoxNzQ4NjkyMDM1LCJqdGkiOiIwNTViMjlmZGUxZjE0NTM2ODVjYTk2NjE5MzM5YTFhZiIsInVzZXJfaWQiOjF9.2W2a9PyHEw-dkv_m8RVz1UzwHPMKzt6OpgoCeo3w3yo	2025-05-31 13:47:15.287098+02	2025-06-01 13:47:15+02	1
169	d4170dcb8a9946e8b1c4cac005601c64	eyJ0eXAiOiJKV1QiLCJhbGciOiJIUzI1NiJ9.eyJ0b2tlbl90eXBlIjoicmVmcmVzaCIsImV4cCI6MTc0ODc4MDAxNiwiaWF0IjoxNzQ4NjkzNjE2LCJqdGkiOiJkNDE3MGRjYjhhOTk0NmU4YjFjNGNhYzAwNTYwMWM2NCIsInVzZXJfaWQiOjF9.llStzrh7xHfd9jml6ij8kveWjbmji4P2NNco_3n9aN8	2025-05-31 14:13:36.472215+02	2025-06-01 14:13:36+02	1
170	e46ea8b7e8314813990762a6a4eceb08	eyJ0eXAiOiJKV1QiLCJhbGciOiJIUzI1NiJ9.eyJ0b2tlbl90eXBlIjoicmVmcmVzaCIsImV4cCI6MTc0ODc4MTQ2MywiaWF0IjoxNzQ4Njk1MDYzLCJqdGkiOiJlNDZlYThiN2U4MzE0ODEzOTkwNzYyYTZhNGVjZWIwOCIsInVzZXJfaWQiOjF9.c1xJgLitobt0ZbuM-1YFG01fx7lrlEdpKFF-UOEuYIw	2025-05-31 14:37:43.450976+02	2025-06-01 14:37:43+02	1
171	58b08a92463c413ba0c57b8202672c45	eyJ0eXAiOiJKV1QiLCJhbGciOiJIUzI1NiJ9.eyJ0b2tlbl90eXBlIjoicmVmcmVzaCIsImV4cCI6MTc0ODc4MTg3MCwiaWF0IjoxNzQ4Njk1NDcwLCJqdGkiOiI1OGIwOGE5MjQ2M2M0MTNiYTBjNTdiODIwMjY3MmM0NSIsInVzZXJfaWQiOjF9.xMTuNpXvAkrnulCBq9FTYBf5zzY8mZSxwHB0ntJtfkA	2025-05-31 14:44:30.186564+02	2025-06-01 14:44:30+02	1
172	57eb1605f6994d3d9630b56f8d6d3659	eyJ0eXAiOiJKV1QiLCJhbGciOiJIUzI1NiJ9.eyJ0b2tlbl90eXBlIjoicmVmcmVzaCIsImV4cCI6MTc0ODc4MjI2MywiaWF0IjoxNzQ4Njk1ODYzLCJqdGkiOiI1N2ViMTYwNWY2OTk0ZDNkOTYzMGI1NmY4ZDZkMzY1OSIsInVzZXJfaWQiOjF9.Mvkp8kOlt6Kp6rGZLWSlR-x-O0BM2_TIhJbtC6FYxZQ	2025-05-31 14:51:03.381956+02	2025-06-01 14:51:03+02	1
173	49b8de9542a64cafa9ed04485d5fd2a2	eyJ0eXAiOiJKV1QiLCJhbGciOiJIUzI1NiJ9.eyJ0b2tlbl90eXBlIjoicmVmcmVzaCIsImV4cCI6MTc0ODc4NjU0NCwiaWF0IjoxNzQ4NzAwMTQ0LCJqdGkiOiI0OWI4ZGU5NTQyYTY0Y2FmYTllZDA0NDg1ZDVmZDJhMiIsInVzZXJfaWQiOjF9.DdLvRyIEayyD2XClW1AWAR03F0eHKhfTqzd1xUGvNRI	2025-05-31 16:02:24.391844+02	2025-06-01 16:02:24+02	1
174	d80bd0f12c0d4ba989072a754023d7d0	eyJ0eXAiOiJKV1QiLCJhbGciOiJIUzI1NiJ9.eyJ0b2tlbl90eXBlIjoicmVmcmVzaCIsImV4cCI6MTc0ODc4OTYwNSwiaWF0IjoxNzQ4NzAzMjA1LCJqdGkiOiJkODBiZDBmMTJjMGQ0YmE5ODkwNzJhNzU0MDIzZDdkMCIsInVzZXJfaWQiOjF9.tHF-MELxHzmpSEvG28DLOKFG-faj02WbvH1jPyZpUSw	2025-05-31 16:53:25.989201+02	2025-06-01 16:53:25+02	1
175	f0333b57644b4a88bb7cef323aa7ab0f	eyJ0eXAiOiJKV1QiLCJhbGciOiJIUzI1NiJ9.eyJ0b2tlbl90eXBlIjoicmVmcmVzaCIsImV4cCI6MTc0ODc5MDA3MiwiaWF0IjoxNzQ4NzAzNjcyLCJqdGkiOiJmMDMzM2I1NzY0NGI0YTg4YmI3Y2VmMzIzYWE3YWIwZiIsInVzZXJfaWQiOjF9.JwkqoZxPeTwzkUWGEFK5euZz5xbf5cJhTeemPZcfAU8	2025-05-31 17:01:12.02646+02	2025-06-01 17:01:12+02	1
176	6b99a69c718247b4bca5f237ede3887a	eyJ0eXAiOiJKV1QiLCJhbGciOiJIUzI1NiJ9.eyJ0b2tlbl90eXBlIjoicmVmcmVzaCIsImV4cCI6MTc0ODc5MDcyNSwiaWF0IjoxNzQ4NzA0MzI1LCJqdGkiOiI2Yjk5YTY5YzcxODI0N2I0YmNhNWYyMzdlZGUzODg3YSIsInVzZXJfaWQiOjF9.vTePIIf8F1pC9gu27P8Hakmlo9x0ylDblIg0MpUjZkY	2025-05-31 17:12:05.194941+02	2025-06-01 17:12:05+02	1
177	9d14907c67d14adba3708d2535aec3cc	eyJ0eXAiOiJKV1QiLCJhbGciOiJIUzI1NiJ9.eyJ0b2tlbl90eXBlIjoicmVmcmVzaCIsImV4cCI6MTc0ODc5MTEyMSwiaWF0IjoxNzQ4NzA0NzIxLCJqdGkiOiI5ZDE0OTA3YzY3ZDE0YWRiYTM3MDhkMjUzNWFlYzNjYyIsInVzZXJfaWQiOjF9.enYyBoXwy7raSWtW_quAgHKMYb0Ru-6EZ6nuOkqmnUs	2025-05-31 17:18:41.359219+02	2025-06-01 17:18:41+02	1
178	a80226bf8bf046f7a4202ff91ed40849	eyJ0eXAiOiJKV1QiLCJhbGciOiJIUzI1NiJ9.eyJ0b2tlbl90eXBlIjoicmVmcmVzaCIsImV4cCI6MTc0ODc5MTQ1OSwiaWF0IjoxNzQ4NzA1MDU5LCJqdGkiOiJhODAyMjZiZjhiZjA0NmY3YTQyMDJmZjkxZWQ0MDg0OSIsInVzZXJfaWQiOjF9.54qmPdYAgvzLjNQhR92NLM8qP9RB5LYrJQQoljU--wU	2025-05-31 17:24:19.591363+02	2025-06-01 17:24:19+02	1
179	cbbb1a4480404a389742eb8f83f0b761	eyJ0eXAiOiJKV1QiLCJhbGciOiJIUzI1NiJ9.eyJ0b2tlbl90eXBlIjoicmVmcmVzaCIsImV4cCI6MTc0ODc5MTgxMywiaWF0IjoxNzQ4NzA1NDEzLCJqdGkiOiJjYmJiMWE0NDgwNDA0YTM4OTc0MmViOGY4M2YwYjc2MSIsInVzZXJfaWQiOjF9._A9UjeSnWxNclcjcytWuo1s11HrBVOMn9eELxyW2T6Q	2025-05-31 17:30:13.244313+02	2025-06-01 17:30:13+02	1
180	f72001384546494db270a9321dfcbe7c	eyJ0eXAiOiJKV1QiLCJhbGciOiJIUzI1NiJ9.eyJ0b2tlbl90eXBlIjoicmVmcmVzaCIsImV4cCI6MTc0ODc5MjUxNSwiaWF0IjoxNzQ4NzA2MTE1LCJqdGkiOiJmNzIwMDEzODQ1NDY0OTRkYjI3MGE5MzIxZGZjYmU3YyIsInVzZXJfaWQiOjF9.mkHVT3nc73tuX1ZWJ-G_Jw3wMW23u0p6Zkboab6ht9A	2025-05-31 17:41:55.455356+02	2025-06-01 17:41:55+02	1
181	988c50e8e73344068ddabc5c99bbe610	eyJ0eXAiOiJKV1QiLCJhbGciOiJIUzI1NiJ9.eyJ0b2tlbl90eXBlIjoicmVmcmVzaCIsImV4cCI6MTc0ODk0OTY2MSwiaWF0IjoxNzQ4ODYzMjYxLCJqdGkiOiI5ODhjNTBlOGU3MzM0NDA2OGRkYWJjNWM5OWJiZTYxMCIsInVzZXJfaWQiOjF9.EpnoIeZetqH0BB0lIKRJ5ovCN0tzDjCHSMK3j75tYnM	2025-06-02 13:21:01.305567+02	2025-06-03 13:21:01+02	1
182	ced2bd80fc384aaa8e40aa18c5ba73fe	eyJ0eXAiOiJKV1QiLCJhbGciOiJIUzI1NiJ9.eyJ0b2tlbl90eXBlIjoicmVmcmVzaCIsImV4cCI6MTc0ODk1MDA1NywiaWF0IjoxNzQ4ODYzNjU3LCJqdGkiOiJjZWQyYmQ4MGZjMzg0YWFhOGU0MGFhMThjNWJhNzNmZSIsInVzZXJfaWQiOjF9.ZTZEB9gQ9jbYkO8fGNLb0ncAl5T1NayqlAyaazO77RU	2025-06-02 13:27:37.953348+02	2025-06-03 13:27:37+02	1
183	20d760e89084494dadd0d263ad39eacf	eyJ0eXAiOiJKV1QiLCJhbGciOiJIUzI1NiJ9.eyJ0b2tlbl90eXBlIjoicmVmcmVzaCIsImV4cCI6MTc0ODk1MDQ0NCwiaWF0IjoxNzQ4ODY0MDQ0LCJqdGkiOiIyMGQ3NjBlODkwODQ0OTRkYWRkMGQyNjNhZDM5ZWFjZiIsInVzZXJfaWQiOjF9.VAL_LQeAOywSmS9Web_idORXBhsKIo2qULXP_RlDygE	2025-06-02 13:34:04.313933+02	2025-06-03 13:34:04+02	1
184	2c60579ffbbf4eed90d555a102b216d2	eyJ0eXAiOiJKV1QiLCJhbGciOiJIUzI1NiJ9.eyJ0b2tlbl90eXBlIjoicmVmcmVzaCIsImV4cCI6MTc0ODk1MzExMywiaWF0IjoxNzQ4ODY2NzEzLCJqdGkiOiIyYzYwNTc5ZmZiYmY0ZWVkOTBkNTU1YTEwMmIyMTZkMiIsInVzZXJfaWQiOjF9.3pH92by8bBsjbVX7hOPygxwLZPMBajLg0eOh-C1EtNg	2025-06-02 14:18:33.380139+02	2025-06-03 14:18:33+02	1
185	ffb9880a71ec42fc82a423487784da6c	eyJ0eXAiOiJKV1QiLCJhbGciOiJIUzI1NiJ9.eyJ0b2tlbl90eXBlIjoicmVmcmVzaCIsImV4cCI6MTc0ODk1MzQ2OCwiaWF0IjoxNzQ4ODY3MDY4LCJqdGkiOiJmZmI5ODgwYTcxZWM0MmZjODJhNDIzNDg3Nzg0ZGE2YyIsInVzZXJfaWQiOjF9.xZPC9f6f6DPLb3-pRT2caAceDFo4brzUVrKXzIHZTTM	2025-06-02 14:24:28.698083+02	2025-06-03 14:24:28+02	1
186	a90d3ee2170f4267beda72b11a76574a	eyJ0eXAiOiJKV1QiLCJhbGciOiJIUzI1NiJ9.eyJ0b2tlbl90eXBlIjoicmVmcmVzaCIsImV4cCI6MTc0ODk1Mzk0NCwiaWF0IjoxNzQ4ODY3NTQ0LCJqdGkiOiJhOTBkM2VlMjE3MGY0MjY3YmVkYTcyYjExYTc2NTc0YSIsInVzZXJfaWQiOjF9.-9yQgO0nXcdCn6AisG6Fsu6s0tUajd0ZlmCCS3UNfuk	2025-06-02 14:32:24.963971+02	2025-06-03 14:32:24+02	1
187	80be20a937d94531af963cde85c7f041	eyJ0eXAiOiJKV1QiLCJhbGciOiJIUzI1NiJ9.eyJ0b2tlbl90eXBlIjoicmVmcmVzaCIsImV4cCI6MTc0ODk1NDI5NiwiaWF0IjoxNzQ4ODY3ODk2LCJqdGkiOiI4MGJlMjBhOTM3ZDk0NTMxYWY5NjNjZGU4NWM3ZjA0MSIsInVzZXJfaWQiOjF9.0Zrr5RS4yNNg005j4hZLBOvGseaHDsbCO-Bw7rYdnn8	2025-06-02 14:38:16.66123+02	2025-06-03 14:38:16+02	1
188	7fd6aef101d4407796923980a8f2f35f	eyJ0eXAiOiJKV1QiLCJhbGciOiJIUzI1NiJ9.eyJ0b2tlbl90eXBlIjoicmVmcmVzaCIsImV4cCI6MTc0ODk1NTE3NywiaWF0IjoxNzQ4ODY4Nzc3LCJqdGkiOiI3ZmQ2YWVmMTAxZDQ0MDc3OTY5MjM5ODBhOGYyZjM1ZiIsInVzZXJfaWQiOjF9.U7yrpUGtGKdLS_SIFoIjc3QBmOZLsi4pVAWLI5483OQ	2025-06-02 14:52:57.112526+02	2025-06-03 14:52:57+02	1
189	e3abe4f31596487e98596744be227570	eyJ0eXAiOiJKV1QiLCJhbGciOiJIUzI1NiJ9.eyJ0b2tlbl90eXBlIjoicmVmcmVzaCIsImV4cCI6MTc0ODk1NjI1NywiaWF0IjoxNzQ4ODY5ODU3LCJqdGkiOiJlM2FiZTRmMzE1OTY0ODdlOTg1OTY3NDRiZTIyNzU3MCIsInVzZXJfaWQiOjF9.vERJlLtfK9G8mgYquf4fUDki_eSK2YMxrCp6se4DnjQ	2025-06-02 15:10:57.922073+02	2025-06-03 15:10:57+02	1
190	c74010db77c44f489c5d48067f8e26b7	eyJ0eXAiOiJKV1QiLCJhbGciOiJIUzI1NiJ9.eyJ0b2tlbl90eXBlIjoicmVmcmVzaCIsImV4cCI6MTc0ODk1NjU4MSwiaWF0IjoxNzQ4ODcwMTgxLCJqdGkiOiJjNzQwMTBkYjc3YzQ0ZjQ4OWM1ZDQ4MDY3ZjhlMjZiNyIsInVzZXJfaWQiOjF9.RQo_XNuSCR_y73zOEp9OXlhm72IBzAU7wU5fSEG75lM	2025-06-02 15:16:21.822357+02	2025-06-03 15:16:21+02	1
191	7f9fe8bf9da34005aef9c4c7e37f45c6	eyJ0eXAiOiJKV1QiLCJhbGciOiJIUzI1NiJ9.eyJ0b2tlbl90eXBlIjoicmVmcmVzaCIsImV4cCI6MTc0ODk2MjgwMCwiaWF0IjoxNzQ4ODc2NDAwLCJqdGkiOiI3ZjlmZThiZjlkYTM0MDA1YWVmOWM0YzdlMzdmNDVjNiIsInVzZXJfaWQiOjF9.I6wWaCGav-24c1mZcSJo6gK3tqgPXprlHt5iKjZC_Jc	2025-06-02 17:00:00.332371+02	2025-06-03 17:00:00+02	1
192	e44bf780a47c428f824aa6c4a8adf3ca	eyJ0eXAiOiJKV1QiLCJhbGciOiJIUzI1NiJ9.eyJ0b2tlbl90eXBlIjoicmVmcmVzaCIsImV4cCI6MTc0ODk2MzU3MiwiaWF0IjoxNzQ4ODc3MTcyLCJqdGkiOiJlNDRiZjc4MGE0N2M0MjhmODI0YWE2YzRhOGFkZjNjYSIsInVzZXJfaWQiOjF9.pWDgT9fHmTUJ2MwkcykMxkkYauRiB2Nc6H8BiD2pmzc	2025-06-02 17:12:52.768674+02	2025-06-03 17:12:52+02	1
193	dca92ac395c64b9b90a65d5336d0332e	eyJ0eXAiOiJKV1QiLCJhbGciOiJIUzI1NiJ9.eyJ0b2tlbl90eXBlIjoicmVmcmVzaCIsImV4cCI6MTc0ODk2NDAzOSwiaWF0IjoxNzQ4ODc3NjM5LCJqdGkiOiJkY2E5MmFjMzk1YzY0YjliOTBhNjVkNTMzNmQwMzMyZSIsInVzZXJfaWQiOjF9.5vWeevmcBz-PQ-osX7butfUF0SZT7aIC_7ze36I_GMc	2025-06-02 17:20:39.257569+02	2025-06-03 17:20:39+02	1
194	aa1257705d9746d997bf8c30177cbe28	eyJ0eXAiOiJKV1QiLCJhbGciOiJIUzI1NiJ9.eyJ0b2tlbl90eXBlIjoicmVmcmVzaCIsImV4cCI6MTc0ODk2NDU1NSwiaWF0IjoxNzQ4ODc4MTU1LCJqdGkiOiJhYTEyNTc3MDVkOTc0NmQ5OTdiZjhjMzAxNzdjYmUyOCIsInVzZXJfaWQiOjF9.cjewHZAZPXbYMolOxRJmW5wmKoIbIqtY65VxfoDoPH8	2025-06-02 17:29:15.612834+02	2025-06-03 17:29:15+02	1
195	9f096405fd7e425db2b85c7984b0d6c2	eyJ0eXAiOiJKV1QiLCJhbGciOiJIUzI1NiJ9.eyJ0b2tlbl90eXBlIjoicmVmcmVzaCIsImV4cCI6MTc0ODk2NTUwOCwiaWF0IjoxNzQ4ODc5MTA4LCJqdGkiOiI5ZjA5NjQwNWZkN2U0MjVkYjJiODVjNzk4NGIwZDZjMiIsInVzZXJfaWQiOjF9._igVNc_m8xovFxY2X2B3xRxBRw-6ryh3u8WIakrTwKw	2025-06-02 17:45:08.911809+02	2025-06-03 17:45:08+02	1
196	222983ae4f8544d19b60c0e4fb36b5d0	eyJ0eXAiOiJKV1QiLCJhbGciOiJIUzI1NiJ9.eyJ0b2tlbl90eXBlIjoicmVmcmVzaCIsImV4cCI6MTc0ODk2NTkwMCwiaWF0IjoxNzQ4ODc5NTAwLCJqdGkiOiIyMjI5ODNhZTRmODU0NGQxOWI2MGMwZTRmYjM2YjVkMCIsInVzZXJfaWQiOjF9.yUdP0tjK3Twh5lbFkmbOO7y8PXWs1Dan5BxwvZNcst4	2025-06-02 17:51:40.720094+02	2025-06-03 17:51:40+02	1
197	74b872e9ff2a444d8949739af760b8cb	eyJ0eXAiOiJKV1QiLCJhbGciOiJIUzI1NiJ9.eyJ0b2tlbl90eXBlIjoicmVmcmVzaCIsImV4cCI6MTc0OTAzNjA0OCwiaWF0IjoxNzQ4OTQ5NjQ4LCJqdGkiOiI3NGI4NzJlOWZmMmE0NDRkODk0OTczOWFmNzYwYjhjYiIsInVzZXJfaWQiOjF9.5jsGa6OLhw4zoDstaMOHFKLvr3n6pObVBtf7WswKulc	2025-06-03 13:20:48.74033+02	2025-06-04 13:20:48+02	1
198	d506ecd620684f27af40f6066a08f9a2	eyJ0eXAiOiJKV1QiLCJhbGciOiJIUzI1NiJ9.eyJ0b2tlbl90eXBlIjoicmVmcmVzaCIsImV4cCI6MTc0OTAzNzk1MiwiaWF0IjoxNzQ4OTUxNTUyLCJqdGkiOiJkNTA2ZWNkNjIwNjg0ZjI3YWY0MGY2MDY2YTA4ZjlhMiIsInVzZXJfaWQiOjF9.xO45vptfFVz2Gf_JG-MLJy8m849-nOlCmeHOJmK0PWM	2025-06-03 13:52:32.527872+02	2025-06-04 13:52:32+02	1
199	3ab4e23a901d4130bfab76026345c88d	eyJ0eXAiOiJKV1QiLCJhbGciOiJIUzI1NiJ9.eyJ0b2tlbl90eXBlIjoicmVmcmVzaCIsImV4cCI6MTc0OTAzOTUxOSwiaWF0IjoxNzQ4OTUzMTE5LCJqdGkiOiIzYWI0ZTIzYTkwMWQ0MTMwYmZhYjc2MDI2MzQ1Yzg4ZCIsInVzZXJfaWQiOjF9.SXGBd5XDKD1yTnhHgaQ7xSF0Ujs727bIsGVB0lyvjtY	2025-06-03 14:18:39.17594+02	2025-06-04 14:18:39+02	1
200	e9147191d7e14f7887965c1457da5046	eyJ0eXAiOiJKV1QiLCJhbGciOiJIUzI1NiJ9.eyJ0b2tlbl90eXBlIjoicmVmcmVzaCIsImV4cCI6MTc0OTA0MTk3MSwiaWF0IjoxNzQ4OTU1NTcxLCJqdGkiOiJlOTE0NzE5MWQ3ZTE0Zjc4ODc5NjVjMTQ1N2RhNTA0NiIsInVzZXJfaWQiOjF9.SX8_GU5wHeLkBsKxHnz4kv0XQ71ookoHUxR3Juzcvrc	2025-06-03 14:59:31.390334+02	2025-06-04 14:59:31+02	1
201	579e60da43194fc0b2aaa3cdc5275fbf	eyJ0eXAiOiJKV1QiLCJhbGciOiJIUzI1NiJ9.eyJ0b2tlbl90eXBlIjoicmVmcmVzaCIsImV4cCI6MTc0OTA0MzY5NywiaWF0IjoxNzQ4OTU3Mjk3LCJqdGkiOiI1NzllNjBkYTQzMTk0ZmMwYjJhYWEzY2RjNTI3NWZiZiIsInVzZXJfaWQiOjF9.vgKWkUReVmboP-KEcgoiGIJlrWnH-eRJ__kGt10Kvrg	2025-06-03 15:28:17.735388+02	2025-06-04 15:28:17+02	1
202	f9e05bb445294dddaebf5500d11c17ef	eyJ0eXAiOiJKV1QiLCJhbGciOiJIUzI1NiJ9.eyJ0b2tlbl90eXBlIjoicmVmcmVzaCIsImV4cCI6MTc0OTA0NDIzNiwiaWF0IjoxNzQ4OTU3ODM2LCJqdGkiOiJmOWUwNWJiNDQ1Mjk0ZGRkYWViZjU1MDBkMTFjMTdlZiIsInVzZXJfaWQiOjF9.vvGCl5H5UWb0zjoX5bqNH3rekAItce4P9G8cnj94D-8	2025-06-03 15:37:16.603029+02	2025-06-04 15:37:16+02	1
203	a000cdf41ed74768b56ac6b07b697519	eyJ0eXAiOiJKV1QiLCJhbGciOiJIUzI1NiJ9.eyJ0b2tlbl90eXBlIjoicmVmcmVzaCIsImV4cCI6MTc0OTA0NTIwMywiaWF0IjoxNzQ4OTU4ODAzLCJqdGkiOiJhMDAwY2RmNDFlZDc0NzY4YjU2YWM2YjA3YjY5NzUxOSIsInVzZXJfaWQiOjF9.jzuR-HYWeM6CV7CyxkhUKeze3DAu0Z9p1eduOeJP468	2025-06-03 15:53:23.712833+02	2025-06-04 15:53:23+02	1
204	93e69827604845c8b9894b7b89b6f0e1	eyJ0eXAiOiJKV1QiLCJhbGciOiJIUzI1NiJ9.eyJ0b2tlbl90eXBlIjoicmVmcmVzaCIsImV4cCI6MTc0OTEyMzU4MywiaWF0IjoxNzQ5MDM3MTgzLCJqdGkiOiI5M2U2OTgyNzYwNDg0NWM4Yjk4OTRiN2I4OWI2ZjBlMSIsInVzZXJfaWQiOjF9.GiT6aQMk9jyJS6pOBkE-5F0OgOqFV6aQ7G0qnM1Zdhk	2025-06-04 13:39:43.443051+02	2025-06-05 13:39:43+02	1
205	f36f7752140d4feda498d3a643101fea	eyJ0eXAiOiJKV1QiLCJhbGciOiJIUzI1NiJ9.eyJ0b2tlbl90eXBlIjoicmVmcmVzaCIsImV4cCI6MTc0OTEyNDUyMSwiaWF0IjoxNzQ5MDM4MTIxLCJqdGkiOiJmMzZmNzc1MjE0MGQ0ZmVkYTQ5OGQzYTY0MzEwMWZlYSIsInVzZXJfaWQiOjF9.yUSC38AZuBQs8WitX6in9IfQMsOoE1N0AIlTnwQVHd0	2025-06-04 13:55:21.828597+02	2025-06-05 13:55:21+02	1
206	6ab999299c2548da9fde05aef2d79871	eyJ0eXAiOiJKV1QiLCJhbGciOiJIUzI1NiJ9.eyJ0b2tlbl90eXBlIjoicmVmcmVzaCIsImV4cCI6MTc0OTEyNTE5MywiaWF0IjoxNzQ5MDM4NzkzLCJqdGkiOiI2YWI5OTkyOTljMjU0OGRhOWZkZTA1YWVmMmQ3OTg3MSIsInVzZXJfaWQiOjF9.Qdn5kaToiWhL285clES8ZZm7ITPq6VA-R8mnRTlEWHU	2025-06-04 14:06:33.46683+02	2025-06-05 14:06:33+02	1
207	a086b9b5ef8342658cb21a7b86eec909	eyJ0eXAiOiJKV1QiLCJhbGciOiJIUzI1NiJ9.eyJ0b2tlbl90eXBlIjoicmVmcmVzaCIsImV4cCI6MTc0OTEyNjM1NCwiaWF0IjoxNzQ5MDM5OTU0LCJqdGkiOiJhMDg2YjliNWVmODM0MjY1OGNiMjFhN2I4NmVlYzkwOSIsInVzZXJfaWQiOjF9.AyQoFipg_xbsvxgfyVwBXRMqai20K8--mlV5YOv9Ef8	2025-06-04 14:25:54.905415+02	2025-06-05 14:25:54+02	1
208	37583d07257f4a0da5b394e6e81489fd	eyJ0eXAiOiJKV1QiLCJhbGciOiJIUzI1NiJ9.eyJ0b2tlbl90eXBlIjoicmVmcmVzaCIsImV4cCI6MTc0OTEzMTkwNiwiaWF0IjoxNzQ5MDQ1NTA2LCJqdGkiOiIzNzU4M2QwNzI1N2Y0YTBkYTViMzk0ZTZlODE0ODlmZCIsInVzZXJfaWQiOjF9.6csV2VMcrfxswmLE_bSEgB0DgoClFjJ4gSu2Hxg5J8s	2025-06-04 15:58:26.141008+02	2025-06-05 15:58:26+02	1
209	59ee5b6e116d48e2bde27301d5348a24	eyJ0eXAiOiJKV1QiLCJhbGciOiJIUzI1NiJ9.eyJ0b2tlbl90eXBlIjoicmVmcmVzaCIsImV4cCI6MTc0OTEzMjIzNywiaWF0IjoxNzQ5MDQ1ODM3LCJqdGkiOiI1OWVlNWI2ZTExNmQ0OGUyYmRlMjczMDFkNTM0OGEyNCIsInVzZXJfaWQiOjF9.cWwd2E9kXcf877CYarQZhrWWnQit6iXswqIPXs6mWqw	2025-06-04 16:03:57.427256+02	2025-06-05 16:03:57+02	1
210	e314edf3f6a8412599dbbfd502f1a79c	eyJ0eXAiOiJKV1QiLCJhbGciOiJIUzI1NiJ9.eyJ0b2tlbl90eXBlIjoicmVmcmVzaCIsImV4cCI6MTc0OTEzMjc3OCwiaWF0IjoxNzQ5MDQ2Mzc4LCJqdGkiOiJlMzE0ZWRmM2Y2YTg0MTI1OTlkYmJmZDUwMmYxYTc5YyIsInVzZXJfaWQiOjF9.jk4ae40tyOWSSi4s0PZe4gq4cVGeMONlC29_yVeRi-w	2025-06-04 16:12:58.540805+02	2025-06-05 16:12:58+02	1
211	f06e10cd4884498c942c53a6b99cab5b	eyJ0eXAiOiJKV1QiLCJhbGciOiJIUzI1NiJ9.eyJ0b2tlbl90eXBlIjoicmVmcmVzaCIsImV4cCI6MTc0OTEzMzE4NiwiaWF0IjoxNzQ5MDQ2Nzg2LCJqdGkiOiJmMDZlMTBjZDQ4ODQ0OThjOTQyYzUzYTZiOTljYWI1YiIsInVzZXJfaWQiOjF9.drQb4Ya8vmA4TFVmNQ8KqGwQ63mBs-p602tdMBGSfSg	2025-06-04 16:19:46.225177+02	2025-06-05 16:19:46+02	1
212	ba9cf9569ac84034a056b5124cf8d043	eyJ0eXAiOiJKV1QiLCJhbGciOiJIUzI1NiJ9.eyJ0b2tlbl90eXBlIjoicmVmcmVzaCIsImV4cCI6MTc0OTEzMzUzNCwiaWF0IjoxNzQ5MDQ3MTM0LCJqdGkiOiJiYTljZjk1NjlhYzg0MDM0YTA1NmI1MTI0Y2Y4ZDA0MyIsInVzZXJfaWQiOjF9.SBBJbu-xiHAMHFWy-qADghfFeBc9xiWwCEKmrmVsGk4	2025-06-04 16:25:34.494735+02	2025-06-05 16:25:34+02	1
213	3766c51a77984458af700c553e6fe0ca	eyJ0eXAiOiJKV1QiLCJhbGciOiJIUzI1NiJ9.eyJ0b2tlbl90eXBlIjoicmVmcmVzaCIsImV4cCI6MTc0OTEzMzg3MCwiaWF0IjoxNzQ5MDQ3NDcwLCJqdGkiOiIzNzY2YzUxYTc3OTg0NDU4YWY3MDBjNTUzZTZmZTBjYSIsInVzZXJfaWQiOjF9.xZ__Fy60Agb3yL5onhdxtX3hJ7C8ejlS_YjbmHMxgVE	2025-06-04 16:31:10.806315+02	2025-06-05 16:31:10+02	1
214	270e331dcac54a05a2403f6279c89c3a	eyJ0eXAiOiJKV1QiLCJhbGciOiJIUzI1NiJ9.eyJ0b2tlbl90eXBlIjoicmVmcmVzaCIsImV4cCI6MTc0OTEzNDIwNCwiaWF0IjoxNzQ5MDQ3ODA0LCJqdGkiOiIyNzBlMzMxZGNhYzU0YTA1YTI0MDNmNjI3OWM4OWMzYSIsInVzZXJfaWQiOjF9.6BS9dvRGqnAq1N_nWBvFMP7wfuWqSJ6JPweZ2hNGHAc	2025-06-04 16:36:44.371189+02	2025-06-05 16:36:44+02	1
215	1ad54099d45141a1aa38472a2960f6b7	eyJ0eXAiOiJKV1QiLCJhbGciOiJIUzI1NiJ9.eyJ0b2tlbl90eXBlIjoicmVmcmVzaCIsImV4cCI6MTc0OTEzNDczMywiaWF0IjoxNzQ5MDQ4MzMzLCJqdGkiOiIxYWQ1NDA5OWQ0NTE0MWExYWEzODQ3MmEyOTYwZjZiNyIsInVzZXJfaWQiOjF9.FV05SEwJCVzpoGjRoqeaQE2FFCPkzotHPB0pANoZdFE	2025-06-04 16:45:33.503859+02	2025-06-05 16:45:33+02	1
216	b00aeb1862334a5bb014a0cc27f8142e	eyJ0eXAiOiJKV1QiLCJhbGciOiJIUzI1NiJ9.eyJ0b2tlbl90eXBlIjoicmVmcmVzaCIsImV4cCI6MTc0OTU1Mzc0MywiaWF0IjoxNzQ5NDY3MzQzLCJqdGkiOiJiMDBhZWIxODYyMzM0YTViYjAxNGEwY2MyN2Y4MTQyZSIsInVzZXJfaWQiOjF9.ON40SkojAzXTY2ZZ4i53dBFvywRW0x0lmY6kQR0wuCA	2025-06-09 13:09:03.256419+02	2025-06-10 13:09:03+02	1
217	36369b80934b444bbfe52c316804a7f8	eyJ0eXAiOiJKV1QiLCJhbGciOiJIUzI1NiJ9.eyJ0b2tlbl90eXBlIjoicmVmcmVzaCIsImV4cCI6MTc0OTU1NjUwOSwiaWF0IjoxNzQ5NDcwMTA5LCJqdGkiOiIzNjM2OWI4MDkzNGI0NDRiYmZlNTJjMzE2ODA0YTdmOCIsInVzZXJfaWQiOjF9.toV7gOKEP4ZYOKilnOyQoRsk6jWks_Dk443gi4eGm0o	2025-06-09 13:55:09.706501+02	2025-06-10 13:55:09+02	1
218	9e15f19de9294846b0e38328f4a30bfa	eyJ0eXAiOiJKV1QiLCJhbGciOiJIUzI1NiJ9.eyJ0b2tlbl90eXBlIjoicmVmcmVzaCIsImV4cCI6MTc0OTU1NzMwMCwiaWF0IjoxNzQ5NDcwOTAwLCJqdGkiOiI5ZTE1ZjE5ZGU5Mjk0ODQ2YjBlMzgzMjhmNGEzMGJmYSIsInVzZXJfaWQiOjF9.hAjQWy3T-X-PmfTjIH_xZfs0UX6qggbTxQEMQ1IGD40	2025-06-09 14:08:20.959983+02	2025-06-10 14:08:20+02	1
219	717e880247cb4769b57231534f68fca3	eyJ0eXAiOiJKV1QiLCJhbGciOiJIUzI1NiJ9.eyJ0b2tlbl90eXBlIjoicmVmcmVzaCIsImV4cCI6MTc0OTU1ODE1OCwiaWF0IjoxNzQ5NDcxNzU4LCJqdGkiOiI3MTdlODgwMjQ3Y2I0NzY5YjU3MjMxNTM0ZjY4ZmNhMyIsInVzZXJfaWQiOjF9.CYNowOdMS1GHWFw0yLwZmV-eA44rmgFDzxCUZu0UAx4	2025-06-09 14:22:38.050683+02	2025-06-10 14:22:38+02	1
220	346b20b4329d4e9b85eba16eb26da0a3	eyJ0eXAiOiJKV1QiLCJhbGciOiJIUzI1NiJ9.eyJ0b2tlbl90eXBlIjoicmVmcmVzaCIsImV4cCI6MTc0OTU1OTc5MywiaWF0IjoxNzQ5NDczMzkzLCJqdGkiOiIzNDZiMjBiNDMyOWQ0ZTliODVlYmExNmViMjZkYTBhMyIsInVzZXJfaWQiOjF9.9g3BYqckpptDOWNB-qxpxQ9vmCNEN9vgEqv9xqMbq3o	2025-06-09 14:49:53.435133+02	2025-06-10 14:49:53+02	1
221	ed9ea644c225435b8d311d8fd0e1b854	eyJ0eXAiOiJKV1QiLCJhbGciOiJIUzI1NiJ9.eyJ0b2tlbl90eXBlIjoicmVmcmVzaCIsImV4cCI6MTc0OTU2MDEyMywiaWF0IjoxNzQ5NDczNzIzLCJqdGkiOiJlZDllYTY0NGMyMjU0MzViOGQzMTFkOGZkMGUxYjg1NCIsInVzZXJfaWQiOjF9.Ahm1OkAA-C1LNzPG5unhhYNzYohk4CYdoUwMNTHoX70	2025-06-09 14:55:23.094351+02	2025-06-10 14:55:23+02	1
222	899f72fc1916488a9c32df6e6058e283	eyJ0eXAiOiJKV1QiLCJhbGciOiJIUzI1NiJ9.eyJ0b2tlbl90eXBlIjoicmVmcmVzaCIsImV4cCI6MTc0OTU2MTEyMSwiaWF0IjoxNzQ5NDc0NzIxLCJqdGkiOiI4OTlmNzJmYzE5MTY0ODhhOWMzMmRmNmU2MDU4ZTI4MyIsInVzZXJfaWQiOjF9.ECtPwMgg6sK3U5RXDAxeZMq3kaYgamv--v9W7soo1Ag	2025-06-09 15:12:01.683602+02	2025-06-10 15:12:01+02	1
223	fb0f089a32974aa39f89d0a8dfd86bf2	eyJ0eXAiOiJKV1QiLCJhbGciOiJIUzI1NiJ9.eyJ0b2tlbl90eXBlIjoicmVmcmVzaCIsImV4cCI6MTc0OTU2MTU0OSwiaWF0IjoxNzQ5NDc1MTQ5LCJqdGkiOiJmYjBmMDg5YTMyOTc0YWEzOWY4OWQwYThkZmQ4NmJmMiIsInVzZXJfaWQiOjF9.lrsexk_j1FEB_dtIGBnEYdPW_XLjM6L3SelVa27DYFE	2025-06-09 15:19:09.111433+02	2025-06-10 15:19:09+02	1
224	045b08ce522248a183412b2b0648e480	eyJ0eXAiOiJKV1QiLCJhbGciOiJIUzI1NiJ9.eyJ0b2tlbl90eXBlIjoicmVmcmVzaCIsImV4cCI6MTc0OTU2MjEyMCwiaWF0IjoxNzQ5NDc1NzIwLCJqdGkiOiIwNDViMDhjZTUyMjI0OGExODM0MTJiMmIwNjQ4ZTQ4MCIsInVzZXJfaWQiOjF9.R2nz0L1mq6CJq4lRTt1T6CU9Y6P_-NMlV9PM9cLk9aE	2025-06-09 15:28:40.520355+02	2025-06-10 15:28:40+02	1
225	e5061e41f8774cd984b7e5ca95d50dba	eyJ0eXAiOiJKV1QiLCJhbGciOiJIUzI1NiJ9.eyJ0b2tlbl90eXBlIjoicmVmcmVzaCIsImV4cCI6MTc0OTU2NDQ3NiwiaWF0IjoxNzQ5NDc4MDc2LCJqdGkiOiJlNTA2MWU0MWY4Nzc0Y2Q5ODRiN2U1Y2E5NWQ1MGRiYSIsInVzZXJfaWQiOjF9.qhPNm9awH-dcRu6tL1uyZfq3l63O-tj0Vq7RZXSF_Nk	2025-06-09 16:07:56.696481+02	2025-06-10 16:07:56+02	1
226	93349a9ec60c4770929973e1e77d801b	eyJ0eXAiOiJKV1QiLCJhbGciOiJIUzI1NiJ9.eyJ0b2tlbl90eXBlIjoicmVmcmVzaCIsImV4cCI6MTc0OTU2NDgwMSwiaWF0IjoxNzQ5NDc4NDAxLCJqdGkiOiI5MzM0OWE5ZWM2MGM0NzcwOTI5OTczZTFlNzdkODAxYiIsInVzZXJfaWQiOjF9.qUDeUt1hFPx1dlZInzkmuXG_BrLVjgLxbPKiGgDoV44	2025-06-09 16:13:21.572959+02	2025-06-10 16:13:21+02	1
227	48c6cdaa64354c109cffa26fcebda8a0	eyJ0eXAiOiJKV1QiLCJhbGciOiJIUzI1NiJ9.eyJ0b2tlbl90eXBlIjoicmVmcmVzaCIsImV4cCI6MTc0OTU2NDk0OCwiaWF0IjoxNzQ5NDc4NTQ4LCJqdGkiOiI0OGM2Y2RhYTY0MzU0YzEwOWNmZmEyNmZjZWJkYThhMCIsInVzZXJfaWQiOjF9.5LRu9uJCAlb0t-ABKnH_vGAA_E4FO9vhef_I8S8kbxY	2025-06-09 16:15:48.331753+02	2025-06-10 16:15:48+02	1
228	c49bcf6fa043449c9733b039fee9dfc6	eyJ0eXAiOiJKV1QiLCJhbGciOiJIUzI1NiJ9.eyJ0b2tlbl90eXBlIjoicmVmcmVzaCIsImV4cCI6MTc0OTU2NTQyOSwiaWF0IjoxNzQ5NDc5MDI5LCJqdGkiOiJjNDliY2Y2ZmEwNDM0NDljOTczM2IwMzlmZWU5ZGZjNiIsInVzZXJfaWQiOjF9.5IIZCUWnSVmVtY9iIHHCPVO1i7rZ5F9SRHSLstXwe4w	2025-06-09 16:23:49.829314+02	2025-06-10 16:23:49+02	1
229	b2a4db81f48743e1bf474c3904e9d935	eyJ0eXAiOiJKV1QiLCJhbGciOiJIUzI1NiJ9.eyJ0b2tlbl90eXBlIjoicmVmcmVzaCIsImV4cCI6MTc0OTU2NzE5NywiaWF0IjoxNzQ5NDgwNzk3LCJqdGkiOiJiMmE0ZGI4MWY0ODc0M2UxYmY0NzRjMzkwNGU5ZDkzNSIsInVzZXJfaWQiOjF9.7sITCbLvl2E4dIbTZStkxWxycL6cnIIp2_UaQVJ3_IY	2025-06-09 16:53:17.292671+02	2025-06-10 16:53:17+02	1
230	75b792210d874c5888945b3eeb1cd8a1	eyJ0eXAiOiJKV1QiLCJhbGciOiJIUzI1NiJ9.eyJ0b2tlbl90eXBlIjoicmVmcmVzaCIsImV4cCI6MTc0OTU2NzgzOSwiaWF0IjoxNzQ5NDgxNDM5LCJqdGkiOiI3NWI3OTIyMTBkODc0YzU4ODg5NDViM2VlYjFjZDhhMSIsInVzZXJfaWQiOjF9.yuO77Rgj9t1I-ds2XMqRks9mW8G40q8x4xkAqGrzeXg	2025-06-09 17:03:59.325436+02	2025-06-10 17:03:59+02	1
231	47d597109b8c4ef3ab4d3ea3007e6627	eyJ0eXAiOiJKV1QiLCJhbGciOiJIUzI1NiJ9.eyJ0b2tlbl90eXBlIjoicmVmcmVzaCIsImV4cCI6MTc0OTU2ODA0NiwiaWF0IjoxNzQ5NDgxNjQ2LCJqdGkiOiI0N2Q1OTcxMDliOGM0ZWYzYWI0ZDNlYTMwMDdlNjYyNyIsInVzZXJfaWQiOjF9.l3FsZPW63DY-EFKomUYTFJSS966-QF9i9lK29YE-ydI	2025-06-09 17:07:26.336609+02	2025-06-10 17:07:26+02	1
232	fca33344f0c34f3fb592127f244e2a74	eyJ0eXAiOiJKV1QiLCJhbGciOiJIUzI1NiJ9.eyJ0b2tlbl90eXBlIjoicmVmcmVzaCIsImV4cCI6MTc0OTYyNTQzMiwiaWF0IjoxNzQ5NTM5MDMyLCJqdGkiOiJmY2EzMzM0NGYwYzM0ZjNmYjU5MjEyN2YyNDRlMmE3NCIsInVzZXJfaWQiOjF9.FS__-lbB3Hqkb3Ipx8NxbcGw2GB6Zl0K5XkH0uKn3Ps	2025-06-10 09:03:52.161903+02	2025-06-11 09:03:52+02	1
233	695d54a1b82a4a668d47c015294eb826	eyJ0eXAiOiJKV1QiLCJhbGciOiJIUzI1NiJ9.eyJ0b2tlbl90eXBlIjoicmVmcmVzaCIsImV4cCI6MTc1MDg3NzU0MiwiaWF0IjoxNzUwNzkxMTQyLCJqdGkiOiI2OTVkNTRhMWI4MmE0YTY2OGQ0N2MwMTUyOTRlYjgyNiIsInVzZXJfaWQiOjF9.OV4s5ZIVugexEOJuZ3D_0Xytr1IzgdMIRVESsc1kMxA	2025-06-24 20:52:22.19504+02	2025-06-25 20:52:22+02	1
234	25487473440c4164b3a922c2a73eafde	eyJ0eXAiOiJKV1QiLCJhbGciOiJIUzI1NiJ9.eyJ0b2tlbl90eXBlIjoicmVmcmVzaCIsImV4cCI6MTc1MDg3ODAxNywiaWF0IjoxNzUwNzkxNjE3LCJqdGkiOiIyNTQ4NzQ3MzQ0MGM0MTY0YjNhOTIyYzJhNzNlYWZkZSIsInVzZXJfaWQiOjF9.-CiL9zLjvO33vCPViX9grB619TcuKvv5YhrKxltEMVs	2025-06-24 21:00:17.456355+02	2025-06-25 21:00:17+02	1
235	dd6761ea19ea4d128e6a43716afecd14	eyJ0eXAiOiJKV1QiLCJhbGciOiJIUzI1NiJ9.eyJ0b2tlbl90eXBlIjoicmVmcmVzaCIsImV4cCI6MTc1MDk0MTI3OSwiaWF0IjoxNzUwODU0ODc5LCJqdGkiOiJkZDY3NjFlYTE5ZWE0ZDEyOGU2YTQzNzE2YWZlY2QxNCIsInVzZXJfaWQiOjF9.2er4h0sg6dmgBiU5HLQKaYCOuzdvJRFe1esZ38MT-8U	2025-06-25 14:34:39.735274+02	2025-06-26 14:34:39+02	1
236	8a8d842bb50b4bb4b4fd82dd584b3c7b	eyJ0eXAiOiJKV1QiLCJhbGciOiJIUzI1NiJ9.eyJ0b2tlbl90eXBlIjoicmVmcmVzaCIsImV4cCI6MTc1MDk2NTc1MiwiaWF0IjoxNzUwODc5MzUyLCJqdGkiOiI4YThkODQyYmI1MGI0YmI0YjRmZDgyZGQ1ODRiM2M3YiIsInVzZXJfaWQiOjF9.KR7-eAm2reUzJHOL4PhWKwYSmPFOhRUB_h3vkKcjHF4	2025-06-25 21:22:32.056861+02	2025-06-26 21:22:32+02	1
237	e7b60c96c8ea4b0dacb8eefe22b81b20	eyJ0eXAiOiJKV1QiLCJhbGciOiJIUzI1NiJ9.eyJ0b2tlbl90eXBlIjoicmVmcmVzaCIsImV4cCI6MTc1MTAyNDgxNSwiaWF0IjoxNzUwOTM4NDE1LCJqdGkiOiJlN2I2MGM5NmM4ZWE0YjBkYWNiOGVlZmUyMmI4MWIyMCIsInVzZXJfaWQiOjF9.tAgk0nNdXjwsRQKiU8l3gCBVKDM2_K4m9MZXsBYlM_0	2025-06-26 13:46:55.230828+02	2025-06-27 13:46:55+02	1
238	60002b065928434f81bed24bad36ef20	eyJ0eXAiOiJKV1QiLCJhbGciOiJIUzI1NiJ9.eyJ0b2tlbl90eXBlIjoicmVmcmVzaCIsImV4cCI6MTc1MTAyNzY5NSwiaWF0IjoxNzUwOTQxMjk1LCJqdGkiOiI2MDAwMmIwNjU5Mjg0MzRmODFiZWQyNGJhZDM2ZWYyMCIsInVzZXJfaWQiOjF9.5EKkOGwWBgNkwFauT-rc1fpz2Xon53_9J7zkjJg4Iuo	2025-06-26 14:34:55.375084+02	2025-06-27 14:34:55+02	1
239	aeca680a4f8a46ec80be6e540e4194e8	eyJ0eXAiOiJKV1QiLCJhbGciOiJIUzI1NiJ9.eyJ0b2tlbl90eXBlIjoicmVmcmVzaCIsImV4cCI6MTc1MTAyODk3NiwiaWF0IjoxNzUwOTQyNTc2LCJqdGkiOiJhZWNhNjgwYTRmOGE0NmVjODBiZTZlNTQwZTQxOTRlOCIsInVzZXJfaWQiOjF9._6Azvjb7o-lqbApruRJQpC3Vf7sipqciX5CnBnPSqCo	2025-06-26 14:56:16.439862+02	2025-06-27 14:56:16+02	1
240	79156394667d46b5a839c0e7427dbe04	eyJ0eXAiOiJKV1QiLCJhbGciOiJIUzI1NiJ9.eyJ0b2tlbl90eXBlIjoicmVmcmVzaCIsImV4cCI6MTc1MTAyOTUyNiwiaWF0IjoxNzUwOTQzMTI2LCJqdGkiOiI3OTE1NjM5NDY2N2Q0NmI1YTgzOWMwZTc0MjdkYmUwNCIsInVzZXJfaWQiOjF9.GzfGiCbcn657cbvQG-pjN0mdhQhjecgH5mO8UMlG25g	2025-06-26 15:05:26.801559+02	2025-06-27 15:05:26+02	1
241	311a415c3dd04572a056127be65d3a08	eyJ0eXAiOiJKV1QiLCJhbGciOiJIUzI1NiJ9.eyJ0b2tlbl90eXBlIjoicmVmcmVzaCIsImV4cCI6MTc1MTAzMDYyOCwiaWF0IjoxNzUwOTQ0MjI4LCJqdGkiOiIzMTFhNDE1YzNkZDA0NTcyYTA1NjEyN2JlNjVkM2EwOCIsInVzZXJfaWQiOjF9.RR3JK96wIXxRy6rFOCL_2lAgD0J_ljNvrXYhlnf-mkE	2025-06-26 15:23:48.390601+02	2025-06-27 15:23:48+02	1
242	318e9e12dd1f45d98036ac3f45a10183	eyJ0eXAiOiJKV1QiLCJhbGciOiJIUzI1NiJ9.eyJ0b2tlbl90eXBlIjoicmVmcmVzaCIsImV4cCI6MTc1MTAzMTg5NSwiaWF0IjoxNzUwOTQ1NDk1LCJqdGkiOiIzMThlOWUxMmRkMWY0NWQ5ODAzNmFjM2Y0NWExMDE4MyIsInVzZXJfaWQiOjF9.8nhsO2OyfPtu6qqkeNxvC65y8FquX6ooABCTqP4W78A	2025-06-26 15:44:55.135852+02	2025-06-27 15:44:55+02	1
243	ab8e85a97de44fccb38c2249dffc1235	eyJ0eXAiOiJKV1QiLCJhbGciOiJIUzI1NiJ9.eyJ0b2tlbl90eXBlIjoicmVmcmVzaCIsImV4cCI6MTc1MTAzMjE5MywiaWF0IjoxNzUwOTQ1NzkzLCJqdGkiOiJhYjhlODVhOTdkZTQ0ZmNjYjM4YzIyNDlkZmZjMTIzNSIsInVzZXJfaWQiOjF9.9xacPUpih8QQ8vfN8T4wO8rV50JEBPH2BxW_dVXFUmE	2025-06-26 15:49:53.085858+02	2025-06-27 15:49:53+02	1
244	33c205e235a645a7b153a2834b8d88ff	eyJ0eXAiOiJKV1QiLCJhbGciOiJIUzI1NiJ9.eyJ0b2tlbl90eXBlIjoicmVmcmVzaCIsImV4cCI6MTc1MTA0ODkyMywiaWF0IjoxNzUwOTYyNTIzLCJqdGkiOiIzM2MyMDVlMjM1YTY0NWE3YjE1M2EyODM0YjhkODhmZiIsInVzZXJfaWQiOjF9.D8riEtmtrrWB3NnbRIf6dAaj67uqFfNmy8_uvyG9_Qs	2025-06-26 20:28:43.828681+02	2025-06-27 20:28:43+02	1
245	c298288b4f38400daf37866b6c022e39	eyJ0eXAiOiJKV1QiLCJhbGciOiJIUzI1NiJ9.eyJ0b2tlbl90eXBlIjoicmVmcmVzaCIsImV4cCI6MTc1MTA0OTAzOSwiaWF0IjoxNzUwOTYyNjM5LCJqdGkiOiJjMjk4Mjg4YjRmMzg0MDBkYWYzNzg2NmI2YzAyMmUzOSIsInVzZXJfaWQiOjF9.zzGvCfDy1sQ5cfumsQ4tE2mDj7dzAqwkv9yD9dm5p6g	2025-06-26 20:30:39.575021+02	2025-06-27 20:30:39+02	1
246	b91ef2a7f3534891bd394921179a1738	eyJ0eXAiOiJKV1QiLCJhbGciOiJIUzI1NiJ9.eyJ0b2tlbl90eXBlIjoicmVmcmVzaCIsImV4cCI6MTc1MTA1MTg5OCwiaWF0IjoxNzUwOTY1NDk4LCJqdGkiOiJiOTFlZjJhN2YzNTM0ODkxYmQzOTQ5MjExNzlhMTczOCIsInVzZXJfaWQiOjF9.9v2DTM7xzoI7Dwvoto9SEpQ_uAISco_pMT2TVyqwWmQ	2025-06-26 21:18:18.548242+02	2025-06-27 21:18:18+02	1
247	6d4566fe50fd4aeb8087e0181f59fd1e	eyJ0eXAiOiJKV1QiLCJhbGciOiJIUzI1NiJ9.eyJ0b2tlbl90eXBlIjoicmVmcmVzaCIsImV4cCI6MTc1MTA1MzM5OSwiaWF0IjoxNzUwOTY2OTk5LCJqdGkiOiI2ZDQ1NjZmZTUwZmQ0YWViODA4N2UwMTgxZjU5ZmQxZSIsInVzZXJfaWQiOjF9.RA8eRXAF1nduK1-zCurPZ8iyFfAbvp2UCt-iWf1OVZw	2025-06-26 21:43:19.841242+02	2025-06-27 21:43:19+02	1
248	d26934d0b795459d9c739f9e21faf3d0	eyJ0eXAiOiJKV1QiLCJhbGciOiJIUzI1NiJ9.eyJ0b2tlbl90eXBlIjoicmVmcmVzaCIsImV4cCI6MTc1MTA1NDIxMywiaWF0IjoxNzUwOTY3ODEzLCJqdGkiOiJkMjY5MzRkMGI3OTU0NTlkOWM3MzlmOWUyMWZhZjNkMCIsInVzZXJfaWQiOjF9.DlrYTaRI4gWkNqSWledBbLDrGMxCn7UjK3Q1E1ND91A	2025-06-26 21:56:53.434984+02	2025-06-27 21:56:53+02	1
249	fcdd9155cebf4b5588f5d4655324bb04	eyJ0eXAiOiJKV1QiLCJhbGciOiJIUzI1NiJ9.eyJ0b2tlbl90eXBlIjoicmVmcmVzaCIsImV4cCI6MTc1MTA1NDU4MCwiaWF0IjoxNzUwOTY4MTgwLCJqdGkiOiJmY2RkOTE1NWNlYmY0YjU1ODhmNWQ0NjU1MzI0YmIwNCIsInVzZXJfaWQiOjF9.Pv8xUaSgwNF-sjE1wGcQWUzci_4XsBMSulTGahUajsk	2025-06-26 22:03:00.08235+02	2025-06-27 22:03:00+02	1
250	0ff09a51c3644100a84f60a19420cd38	eyJ0eXAiOiJKV1QiLCJhbGciOiJIUzI1NiJ9.eyJ0b2tlbl90eXBlIjoicmVmcmVzaCIsImV4cCI6MTc1MTA1NDc5NiwiaWF0IjoxNzUwOTY4Mzk2LCJqdGkiOiIwZmYwOWE1MWMzNjQ0MTAwYTg0ZjYwYTE5NDIwY2QzOCIsInVzZXJfaWQiOjF9.ovVLOEP8Ls8WlVIhgfXu64lMzMzUGMNiLoiRI8ZPieY	2025-06-26 22:06:36.046391+02	2025-06-27 22:06:36+02	1
251	c1309903e14c4df1980d48b2a36d7ca6	eyJ0eXAiOiJKV1QiLCJhbGciOiJIUzI1NiJ9.eyJ0b2tlbl90eXBlIjoicmVmcmVzaCIsImV4cCI6MTc1MTA5NzYyMSwiaWF0IjoxNzUxMDExMjIxLCJqdGkiOiJjMTMwOTkwM2UxNGM0ZGYxOTgwZDQ4YjJhMzZkN2NhNiIsInVzZXJfaWQiOjF9.nMFFdzRDhXosARdmQhN46Zj40f6LWhPu1YY0b0PfVDw	2025-06-27 10:00:21.331096+02	2025-06-28 10:00:21+02	1
252	67694f1e90354bb891c0a69c27df6c2a	eyJ0eXAiOiJKV1QiLCJhbGciOiJIUzI1NiJ9.eyJ0b2tlbl90eXBlIjoicmVmcmVzaCIsImV4cCI6MTc1MTA5Nzg3NywiaWF0IjoxNzUxMDExNDc3LCJqdGkiOiI2NzY5NGYxZTkwMzU0YmI4OTFjMGE2OWMyN2RmNmMyYSIsInVzZXJfaWQiOjF9.F2ebzyIzwaTSi2m9dVXKUsmwMymCyifctnBjB8AfpHU	2025-06-27 10:04:37.314135+02	2025-06-28 10:04:37+02	1
253	36898ab98b3940d3b5a4aac6333ec509	eyJ0eXAiOiJKV1QiLCJhbGciOiJIUzI1NiJ9.eyJ0b2tlbl90eXBlIjoicmVmcmVzaCIsImV4cCI6MTc1MTExMDYzMCwiaWF0IjoxNzUxMDI0MjMwLCJqdGkiOiIzNjg5OGFiOThiMzk0MGQzYjVhNGFhYzYzMzNlYzUwOSIsInVzZXJfaWQiOjF9.QfhCz3effYkPtB6_Yzb2Ff0hBuRfkbsvf0IyM8me6ew	2025-06-27 13:37:10.26628+02	2025-06-28 13:37:10+02	1
254	3400f6ffa91c44e8b2148ca8384385ad	eyJ0eXAiOiJKV1QiLCJhbGciOiJIUzI1NiJ9.eyJ0b2tlbl90eXBlIjoicmVmcmVzaCIsImV4cCI6MTc1MTExMTYyOCwiaWF0IjoxNzUxMDI1MjI4LCJqdGkiOiIzNDAwZjZmZmE5MWM0NGU4YjIxNDhjYTgzODQzODVhZCIsInVzZXJfaWQiOjF9.MfO4mME2ELptIUKBAuncGnbnPdvYUFX8q7-lA_UfpmU	2025-06-27 13:53:48.226923+02	2025-06-28 13:53:48+02	1
255	52a089e088a54cccb43ef553c801cab6	eyJ0eXAiOiJKV1QiLCJhbGciOiJIUzI1NiJ9.eyJ0b2tlbl90eXBlIjoicmVmcmVzaCIsImV4cCI6MTc1MTExODA4OSwiaWF0IjoxNzUxMDMxNjg5LCJqdGkiOiI1MmEwODllMDg4YTU0Y2NjYjQzZWY1NTNjODAxY2FiNiIsInVzZXJfaWQiOjF9.CAit4OfQREgBU51hZagKZBOENAjNRxpFOqOcKpDyuUw	2025-06-27 15:41:29.812895+02	2025-06-28 15:41:29+02	1
256	f4b08b8174f94fc7860b5f77d1cfff3a	eyJ0eXAiOiJKV1QiLCJhbGciOiJIUzI1NiJ9.eyJ0b2tlbl90eXBlIjoicmVmcmVzaCIsImV4cCI6MTc1MTExOTA4NiwiaWF0IjoxNzUxMDMyNjg2LCJqdGkiOiJmNGIwOGI4MTc0Zjk0ZmM3ODYwYjVmNzdkMWNmZmYzYSIsInVzZXJfaWQiOjF9.F0-IqYBTGTcBv-v4o5ugbdn7cp-itexpBWIlh4Pdd_8	2025-06-27 15:58:06.135505+02	2025-06-28 15:58:06+02	1
257	b323dc5011be481da6fe8baf8f04d067	eyJ0eXAiOiJKV1QiLCJhbGciOiJIUzI1NiJ9.eyJ0b2tlbl90eXBlIjoicmVmcmVzaCIsImV4cCI6MTc1MTEyMTU3MywiaWF0IjoxNzUxMDM1MTczLCJqdGkiOiJiMzIzZGM1MDExYmU0ODFkYTZmZThiYWY4ZjA0ZDA2NyIsInVzZXJfaWQiOjF9.z8GWCAGR8JVgPh1yhnKTIVXVLRvQzjCkEruyrEPnr8M	2025-06-27 16:39:33.877893+02	2025-06-28 16:39:33+02	1
258	16b08a838e3844b0a96557b09c3e6463	eyJ0eXAiOiJKV1QiLCJhbGciOiJIUzI1NiJ9.eyJ0b2tlbl90eXBlIjoicmVmcmVzaCIsImV4cCI6MTc1MTEyMjY2OCwiaWF0IjoxNzUxMDM2MjY4LCJqdGkiOiIxNmIwOGE4MzhlMzg0NGIwYTk2NTU3YjA5YzNlNjQ2MyIsInVzZXJfaWQiOjF9.pvkErBqoveUw7A0q3HE6-ZcM2or460sK17dtrmpHv3w	2025-06-27 16:57:48.965114+02	2025-06-28 16:57:48+02	1
259	cfaf7edebe22459eb3771e2cdcd9124d	eyJ0eXAiOiJKV1QiLCJhbGciOiJIUzI1NiJ9.eyJ0b2tlbl90eXBlIjoicmVmcmVzaCIsImV4cCI6MTc1MTEyNjMxMywiaWF0IjoxNzUxMDM5OTEzLCJqdGkiOiJjZmFmN2VkZWJlMjI0NTllYjM3NzFlMmNkY2Q5MTI0ZCIsInVzZXJfaWQiOjF9.vBjFVtnrQG9_OcJ8qil7yyNavBcr5Og7uJeoc8jDNrc	2025-06-27 17:58:33.545644+02	2025-06-28 17:58:33+02	1
260	ce414cd09b774b96a6b8f1a70d438cd1	eyJ0eXAiOiJKV1QiLCJhbGciOiJIUzI1NiJ9.eyJ0b2tlbl90eXBlIjoicmVmcmVzaCIsImV4cCI6MTc1MTEzNTA0MiwiaWF0IjoxNzUxMDQ4NjQyLCJqdGkiOiJjZTQxNGNkMDliNzc0Yjk2YTZiOGYxYTcwZDQzOGNkMSIsInVzZXJfaWQiOjF9.BWeZUiFB87JP1d-q3YeWX2Cq3J66miCohlics1n-P8I	2025-06-27 20:24:02.326931+02	2025-06-28 20:24:02+02	1
261	2b30b83df11940cbba3daa8ad7f19298	eyJ0eXAiOiJKV1QiLCJhbGciOiJIUzI1NiJ9.eyJ0b2tlbl90eXBlIjoicmVmcmVzaCIsImV4cCI6MTc1MTE5NjEyMywiaWF0IjoxNzUxMTA5NzIzLCJqdGkiOiIyYjMwYjgzZGYxMTk0MGNiYmEzZGFhOGFkN2YxOTI5OCIsInVzZXJfaWQiOjF9.6wh2p-7z-kTsorhsSmh3kqWl8knQmTKjdVy2AnmWtxw	2025-06-28 13:22:03.280506+02	2025-06-29 13:22:03+02	1
262	0e8ed49811d44446a65bca85753ebd58	eyJ0eXAiOiJKV1QiLCJhbGciOiJIUzI1NiJ9.eyJ0b2tlbl90eXBlIjoicmVmcmVzaCIsImV4cCI6MTc1MTE5NjQ4MiwiaWF0IjoxNzUxMTEwMDgyLCJqdGkiOiIwZThlZDQ5ODExZDQ0NDQ2YTY1YmNhODU3NTNlYmQ1OCIsInVzZXJfaWQiOjF9.T3rMmz94biBGhBb-QZUzDTMpAMLCTgDZ073X2VB19oQ	2025-06-28 13:28:02.834419+02	2025-06-29 13:28:02+02	1
263	e06975437cb14a4893a89074c5825ce1	eyJ0eXAiOiJKV1QiLCJhbGciOiJIUzI1NiJ9.eyJ0b2tlbl90eXBlIjoicmVmcmVzaCIsImV4cCI6MTc1MTE5NzMwNywiaWF0IjoxNzUxMTEwOTA3LCJqdGkiOiJlMDY5NzU0MzdjYjE0YTQ4OTNhODkwNzRjNTgyNWNlMSIsInVzZXJfaWQiOjF9.zXmSF9sPBH9J25AKzZV59RheQmPQ5zKAGKZ_YevxTv0	2025-06-28 13:41:47.828828+02	2025-06-29 13:41:47+02	1
264	8f00e8f45cf74c45abab968e5ff6a461	eyJ0eXAiOiJKV1QiLCJhbGciOiJIUzI1NiJ9.eyJ0b2tlbl90eXBlIjoicmVmcmVzaCIsImV4cCI6MTc1MTE5ODI2OCwiaWF0IjoxNzUxMTExODY4LCJqdGkiOiI4ZjAwZThmNDVjZjc0YzQ1YWJhYjk2OGU1ZmY2YTQ2MSIsInVzZXJfaWQiOjF9.6KyXIahUootYWz-AKGnwHNTrmP84h7fUBs-fd55POTg	2025-06-28 13:57:48.938668+02	2025-06-29 13:57:48+02	1
265	b5f6f983bd9c4add8cebf27d4351e742	eyJ0eXAiOiJKV1QiLCJhbGciOiJIUzI1NiJ9.eyJ0b2tlbl90eXBlIjoicmVmcmVzaCIsImV4cCI6MTc1MTE5OTU2NCwiaWF0IjoxNzUxMTEzMTY0LCJqdGkiOiJiNWY2Zjk4M2JkOWM0YWRkOGNlYmYyN2Q0MzUxZTc0MiIsInVzZXJfaWQiOjF9.6dywpMKAWbl-TjcET7HLsA-sF3fX65Vwhs3UL33CHhY	2025-06-28 14:19:24.369315+02	2025-06-29 14:19:24+02	1
266	9ee46b346cba47ddb4945bac9bb09538	eyJ0eXAiOiJKV1QiLCJhbGciOiJIUzI1NiJ9.eyJ0b2tlbl90eXBlIjoicmVmcmVzaCIsImV4cCI6MTc1MTIwMTYwMSwiaWF0IjoxNzUxMTE1MjAxLCJqdGkiOiI5ZWU0NmIzNDZjYmE0N2RkYjQ5NDViYWM5YmIwOTUzOCIsInVzZXJfaWQiOjF9.dEDP5W_WgUWXUdHhEAvziF-6fmK3hVdT8f_D0FtCanU	2025-06-28 14:53:21.776242+02	2025-06-29 14:53:21+02	1
267	17a3cdae6d8e492b86eca13e35b35380	eyJ0eXAiOiJKV1QiLCJhbGciOiJIUzI1NiJ9.eyJ0b2tlbl90eXBlIjoicmVmcmVzaCIsImV4cCI6MTc1MTIwMzAzOSwiaWF0IjoxNzUxMTE2NjM5LCJqdGkiOiIxN2EzY2RhZTZkOGU0OTJiODZlY2ExM2UzNWIzNTM4MCIsInVzZXJfaWQiOjF9.3nU_i2ssJgekR_dFNgdOBTFRILfRqTkXyTvNtsksb_A	2025-06-28 15:17:19.510359+02	2025-06-29 15:17:19+02	1
268	adf4ebdfc5564faea26e5e860639db2b	eyJ0eXAiOiJKV1QiLCJhbGciOiJIUzI1NiJ9.eyJ0b2tlbl90eXBlIjoicmVmcmVzaCIsImV4cCI6MTc1MTIwMzM3NCwiaWF0IjoxNzUxMTE2OTc0LCJqdGkiOiJhZGY0ZWJkZmM1NTY0ZmFlYTI2ZTVlODYwNjM5ZGIyYiIsInVzZXJfaWQiOjF9.AwUhlxjAzr5O_EQlXXeJ7WAydIS6xzzEKwi4J8jSSF4	2025-06-28 15:22:54.064882+02	2025-06-29 15:22:54+02	1
269	fc13cee7ae654c80b798a4299fb316ff	eyJ0eXAiOiJKV1QiLCJhbGciOiJIUzI1NiJ9.eyJ0b2tlbl90eXBlIjoicmVmcmVzaCIsImV4cCI6MTc1MTIwNDQ2MiwiaWF0IjoxNzUxMTE4MDYyLCJqdGkiOiJmYzEzY2VlN2FlNjU0YzgwYjc5OGE0Mjk5ZmIzMTZmZiIsInVzZXJfaWQiOjF9.ZwAg0zUED3QRuf5sn-0lshpCAqHnsCH-cRjGr6NLj7M	2025-06-28 15:41:02.180537+02	2025-06-29 15:41:02+02	1
270	a8858e6c09774e2799f2328642b3ed19	eyJ0eXAiOiJKV1QiLCJhbGciOiJIUzI1NiJ9.eyJ0b2tlbl90eXBlIjoicmVmcmVzaCIsImV4cCI6MTc1MTIwNTk1OSwiaWF0IjoxNzUxMTE5NTU5LCJqdGkiOiJhODg1OGU2YzA5Nzc0ZTI3OTlmMjMyODY0MmIzZWQxOSIsInVzZXJfaWQiOjF9.QCJE-0idVt5JzBWTFOWFBoQY2YACIceHOIdbKrqmzP4	2025-06-28 16:05:59.486061+02	2025-06-29 16:05:59+02	1
271	feec0be7b60f48a19ff647dbe195331e	eyJ0eXAiOiJKV1QiLCJhbGciOiJIUzI1NiJ9.eyJ0b2tlbl90eXBlIjoicmVmcmVzaCIsImV4cCI6MTc1MTIwNjEwMiwiaWF0IjoxNzUxMTE5NzAyLCJqdGkiOiJmZWVjMGJlN2I2MGY0OGExOWZmNjQ3ZGJlMTk1MzMxZSIsInVzZXJfaWQiOjZ9.cRo1PAe7Sau-wg5hYQ2stNhRLbi_Cah9RaNN6DvwaYg	2025-06-28 16:08:22.850036+02	2025-06-29 16:08:22+02	6
272	7fd8b6d0b3c44705ae7b6aeb11e48333	eyJ0eXAiOiJKV1QiLCJhbGciOiJIUzI1NiJ9.eyJ0b2tlbl90eXBlIjoicmVmcmVzaCIsImV4cCI6MTc1MTIwNzQ0NSwiaWF0IjoxNzUxMTIxMDQ1LCJqdGkiOiI3ZmQ4YjZkMGIzYzQ0NzA1YWU3YjZhZWIxMWU0ODMzMyIsInVzZXJfaWQiOjF9.tnCtItmI9MarakFasckdPqNLcI9_aTpeDPGd_7L5bqk	2025-06-28 16:30:45.785088+02	2025-06-29 16:30:45+02	1
273	030878c48c9d472ba49e1020def06573	eyJ0eXAiOiJKV1QiLCJhbGciOiJIUzI1NiJ9.eyJ0b2tlbl90eXBlIjoicmVmcmVzaCIsImV4cCI6MTc1MTIwNzYwMywiaWF0IjoxNzUxMTIxMjAzLCJqdGkiOiIwMzA4NzhjNDhjOWQ0NzJiYTQ5ZTEwMjBkZWYwNjU3MyIsInVzZXJfaWQiOjF9.5oRUbYrZZly0K4mINWfBdp6Zy20Wdw8ZVRMX-SnOFD8	2025-06-28 16:33:23.832076+02	2025-06-29 16:33:23+02	1
274	6a73c35579a8440ea556f0bfb855837b	eyJ0eXAiOiJKV1QiLCJhbGciOiJIUzI1NiJ9.eyJ0b2tlbl90eXBlIjoicmVmcmVzaCIsImV4cCI6MTc1MTIwOTIwOSwiaWF0IjoxNzUxMTIyODA5LCJqdGkiOiI2YTczYzM1NTc5YTg0NDBlYTU1NmYwYmZiODU1ODM3YiIsInVzZXJfaWQiOjF9.yhX_auy7s6b1IOVTOY8qlCe2QJQtZ0qJgsUD3z2AlI0	2025-06-28 17:00:09.839677+02	2025-06-29 17:00:09+02	1
275	88fddb9ee6844db486cb82e83a884635	eyJ0eXAiOiJKV1QiLCJhbGciOiJIUzI1NiJ9.eyJ0b2tlbl90eXBlIjoicmVmcmVzaCIsImV4cCI6MTc1MTIwOTI1MiwiaWF0IjoxNzUxMTIyODUyLCJqdGkiOiI4OGZkZGI5ZWU2ODQ0ZGI0ODZjYjgyZTgzYTg4NDYzNSIsInVzZXJfaWQiOjZ9.COjDygEfI2fjlz-2zWBWo95RlKXXXic2L4s4PF9ykWc	2025-06-28 17:00:52.672824+02	2025-06-29 17:00:52+02	6
276	43d9c6937ce343aa8fe9e6f8c0878b5d	eyJ0eXAiOiJKV1QiLCJhbGciOiJIUzI1NiJ9.eyJ0b2tlbl90eXBlIjoicmVmcmVzaCIsImV4cCI6MTc1MTIwOTU0NSwiaWF0IjoxNzUxMTIzMTQ1LCJqdGkiOiI0M2Q5YzY5MzdjZTM0M2FhOGZlOWU2ZjhjMDg3OGI1ZCIsInVzZXJfaWQiOjF9.0LS4E_VWDqgf6x85DZlznazbH5brASelEOaDZ8Hs9ZI	2025-06-28 17:05:45.629962+02	2025-06-29 17:05:45+02	1
277	9260e70fbdd84a5096a215641dc927b1	eyJ0eXAiOiJKV1QiLCJhbGciOiJIUzI1NiJ9.eyJ0b2tlbl90eXBlIjoicmVmcmVzaCIsImV4cCI6MTc1MTIwOTYwNSwiaWF0IjoxNzUxMTIzMjA1LCJqdGkiOiI5MjYwZTcwZmJkZDg0YTUwOTZhMjE1NjQxZGM5MjdiMSIsInVzZXJfaWQiOjZ9.peluIe441QITVEorFw6DCP2pssM_LVAD64LpEa2ifWc	2025-06-28 17:06:45.442596+02	2025-06-29 17:06:45+02	6
278	0fee4dd8f9cf4c4898cc258f7192f271	eyJ0eXAiOiJKV1QiLCJhbGciOiJIUzI1NiJ9.eyJ0b2tlbl90eXBlIjoicmVmcmVzaCIsImV4cCI6MTc1MTIwOTY5MywiaWF0IjoxNzUxMTIzMjkzLCJqdGkiOiIwZmVlNGRkOGY5Y2Y0YzQ4OThjYzI1OGY3MTkyZjI3MSIsInVzZXJfaWQiOjF9._tMRawgabdwZNJbJZHshtwJjXmmefCwDWv0F4WSXF6c	2025-06-28 17:08:13.492985+02	2025-06-29 17:08:13+02	1
279	3a0ab6292dac44698fc7337073a91c44	eyJ0eXAiOiJKV1QiLCJhbGciOiJIUzI1NiJ9.eyJ0b2tlbl90eXBlIjoicmVmcmVzaCIsImV4cCI6MTc1MTIxMDA4NiwiaWF0IjoxNzUxMTIzNjg2LCJqdGkiOiIzYTBhYjYyOTJkYWM0NDY5OGZjNzMzNzA3M2E5MWM0NCIsInVzZXJfaWQiOjZ9.bJKat8RgHdrLqaFoqrI8-Q-cdN2_K04S7AIo0JjBQ24	2025-06-28 17:14:46.055933+02	2025-06-29 17:14:46+02	6
280	ee64cb5f7cbd4211a28d8dc89e4e2c9e	eyJ0eXAiOiJKV1QiLCJhbGciOiJIUzI1NiJ9.eyJ0b2tlbl90eXBlIjoicmVmcmVzaCIsImV4cCI6MTc1MTIxMDIyNywiaWF0IjoxNzUxMTIzODI3LCJqdGkiOiJlZTY0Y2I1ZjdjYmQ0MjExYTI4ZDhkYzg5ZTRlMmM5ZSIsInVzZXJfaWQiOjF9.wFqfcNWz9NktK5dlMhoQBCY1p-NpPnFcLAPAfbyavX0	2025-06-28 17:17:07.157341+02	2025-06-29 17:17:07+02	1
281	0e971a877ec2495ab618919169a148b4	eyJ0eXAiOiJKV1QiLCJhbGciOiJIUzI1NiJ9.eyJ0b2tlbl90eXBlIjoicmVmcmVzaCIsImV4cCI6MTc1MTIyMDY2OCwiaWF0IjoxNzUxMTM0MjY4LCJqdGkiOiIwZTk3MWE4NzdlYzI0OTVhYjYxODkxOTE2OWExNDhiNCIsInVzZXJfaWQiOjF9.I7wwnsFy3r7330HjKziUf8cfTw_TJz947iTKPnSi-aw	2025-06-28 20:11:08.228502+02	2025-06-29 20:11:08+02	1
282	5ff2e3196ca1488cb1e124ff9d25b7c0	eyJ0eXAiOiJKV1QiLCJhbGciOiJIUzI1NiJ9.eyJ0b2tlbl90eXBlIjoicmVmcmVzaCIsImV4cCI6MTc1MTIyMTU2OCwiaWF0IjoxNzUxMTM1MTY4LCJqdGkiOiI1ZmYyZTMxOTZjYTE0ODhjYjFlMTI0ZmY5ZDI1YjdjMCIsInVzZXJfaWQiOjF9.Sw9c6EryCnO9dm6df8JXpG_PApBHvUYABZBLquO4flw	2025-06-28 20:26:08.242313+02	2025-06-29 20:26:08+02	1
283	fafb9f879bdb43dcbce89404cd84fb20	eyJ0eXAiOiJKV1QiLCJhbGciOiJIUzI1NiJ9.eyJ0b2tlbl90eXBlIjoicmVmcmVzaCIsImV4cCI6MTc1MTIyMjA0NCwiaWF0IjoxNzUxMTM1NjQ0LCJqdGkiOiJmYWZiOWY4NzliZGI0M2RjYmNlODk0MDRjZDg0ZmIyMCIsInVzZXJfaWQiOjF9.o6yGYtINx4jX0zYij4fe2k14eL3b8lbbNMQpCiqNcls	2025-06-28 20:34:04.893604+02	2025-06-29 20:34:04+02	1
284	bb08a6e603c047de9c77055554733342	eyJ0eXAiOiJKV1QiLCJhbGciOiJIUzI1NiJ9.eyJ0b2tlbl90eXBlIjoicmVmcmVzaCIsImV4cCI6MTc1MTIyMzIzNiwiaWF0IjoxNzUxMTM2ODM2LCJqdGkiOiJiYjA4YTZlNjAzYzA0N2RlOWM3NzA1NTU1NDczMzM0MiIsInVzZXJfaWQiOjF9.4tG0GIiZ1YpmL3xfjPRcvORqj5A7BEQCAk0PhRPUtRA	2025-06-28 20:53:56.638997+02	2025-06-29 20:53:56+02	1
285	c9db30537e4d456a895bdc00ae7b2585	eyJ0eXAiOiJKV1QiLCJhbGciOiJIUzI1NiJ9.eyJ0b2tlbl90eXBlIjoicmVmcmVzaCIsImV4cCI6MTc1MTIyMzgzNSwiaWF0IjoxNzUxMTM3NDM1LCJqdGkiOiJjOWRiMzA1MzdlNGQ0NTZhODk1YmRjMDBhZTdiMjU4NSIsInVzZXJfaWQiOjF9.04hIUhAwRr1CRavdP3RrE6kbq8vVgKWZ-VgqWvJrpgk	2025-06-28 21:03:55.113257+02	2025-06-29 21:03:55+02	1
286	72dd4bbe96e24ddcac0b013d3ea7b817	eyJ0eXAiOiJKV1QiLCJhbGciOiJIUzI1NiJ9.eyJ0b2tlbl90eXBlIjoicmVmcmVzaCIsImV4cCI6MTc1MTIyNjA1NywiaWF0IjoxNzUxMTM5NjU3LCJqdGkiOiI3MmRkNGJiZTk2ZTI0ZGRjYWMwYjAxM2QzZWE3YjgxNyIsInVzZXJfaWQiOjF9.yBPllINL4EAsS5bysCMQOXmvvyiVEnT8lvDmmRI-mvg	2025-06-28 21:40:57.5851+02	2025-06-29 21:40:57+02	1
287	e1c707a233cf4f5e91c41780e7842145	eyJ0eXAiOiJKV1QiLCJhbGciOiJIUzI1NiJ9.eyJ0b2tlbl90eXBlIjoicmVmcmVzaCIsImV4cCI6MTc1MTIyNzU2OCwiaWF0IjoxNzUxMTQxMTY4LCJqdGkiOiJlMWM3MDdhMjMzY2Y0ZjVlOTFjNDE3ODBlNzg0MjE0NSIsInVzZXJfaWQiOjF9.TpgwKPZUxm5nG1LFIPh9NTI8reiWgFRWyOUGAe-coW4	2025-06-28 22:06:08.973869+02	2025-06-29 22:06:08+02	1
288	e631b49e04c242fe9f4451328ee83288	eyJ0eXAiOiJKV1QiLCJhbGciOiJIUzI1NiJ9.eyJ0b2tlbl90eXBlIjoicmVmcmVzaCIsImV4cCI6MTc1MTI5MTAxOSwiaWF0IjoxNzUxMjA0NjE5LCJqdGkiOiJlNjMxYjQ5ZTA0YzI0MmZlOWY0NDUxMzI4ZWU4MzI4OCIsInVzZXJfaWQiOjF9.S9twmZcdtiI2sLF00aRRl6oB58HQmuHTqdbLw_HxXCA	2025-06-29 15:43:39.869745+02	2025-06-30 15:43:39+02	1
289	5b0acd19fdb54cfb82c8cd1d1ad698de	eyJ0eXAiOiJKV1QiLCJhbGciOiJIUzI1NiJ9.eyJ0b2tlbl90eXBlIjoicmVmcmVzaCIsImV4cCI6MTc1MTI5MTUyNywiaWF0IjoxNzUxMjA1MTI3LCJqdGkiOiI1YjBhY2QxOWZkYjU0Y2ZiODJjOGNkMWQxYWQ2OThkZSIsInVzZXJfaWQiOjF9.f8DLF1zBeXJA5V08bq_rsiHv-NU67OeRKfDX-nOAxTg	2025-06-29 15:52:07.965398+02	2025-06-30 15:52:07+02	1
290	076c51d7853641ab95f1a3169998b947	eyJ0eXAiOiJKV1QiLCJhbGciOiJIUzI1NiJ9.eyJ0b2tlbl90eXBlIjoicmVmcmVzaCIsImV4cCI6MTc1MTM1NTI3MSwiaWF0IjoxNzUxMjY4ODcxLCJqdGkiOiIwNzZjNTFkNzg1MzY0MWFiOTVmMWEzMTY5OTk4Yjk0NyIsInVzZXJfaWQiOjZ9.9PZNfrXNF8clxGAWYrgfzdfw1qae8svWA1FPXst8dFE	2025-06-30 09:34:31.970596+02	2025-07-01 09:34:31+02	6
291	4eec0ef39ea84fd393123b6a1458150d	eyJ0eXAiOiJKV1QiLCJhbGciOiJIUzI1NiJ9.eyJ0b2tlbl90eXBlIjoicmVmcmVzaCIsImV4cCI6MTc1MTM1NTM1NiwiaWF0IjoxNzUxMjY4OTU2LCJqdGkiOiI0ZWVjMGVmMzllYTg0ZmQzOTMxMjNiNmExNDU4MTUwZCIsInVzZXJfaWQiOjl9.G7D9FdqqW3YEs_1Igw4VWlAU9R7xGQcG-pNNN2UvNjA	2025-06-30 09:35:56.504762+02	2025-07-01 09:35:56+02	9
292	e4d83afa2d7e493f88f597eea90cb506	eyJ0eXAiOiJKV1QiLCJhbGciOiJIUzI1NiJ9.eyJ0b2tlbl90eXBlIjoicmVmcmVzaCIsImV4cCI6MTc1MTM1ODczMCwiaWF0IjoxNzUxMjcyMzMwLCJqdGkiOiJlNGQ4M2FmYTJkN2U0OTNmODhmNTk3ZWVhOTBjYjUwNiIsInVzZXJfaWQiOjl9.j7UaLaPfH8ekVYkEjk5Licc1Z2bbKyXlaFINsH-xJAE	2025-06-30 10:32:10.281389+02	2025-07-01 10:32:10+02	9
293	51360560de724c79b71b8717de08c322	eyJ0eXAiOiJKV1QiLCJhbGciOiJIUzI1NiJ9.eyJ0b2tlbl90eXBlIjoicmVmcmVzaCIsImV4cCI6MTc1MTM2MDU2OCwiaWF0IjoxNzUxMjc0MTY4LCJqdGkiOiI1MTM2MDU2MGRlNzI0Yzc5YjcxYjg3MTdkZTA4YzMyMiIsInVzZXJfaWQiOjF9.G1eqi7rviis-VLGodKW7HAvNG2UdFcndsnEfiWgxJGA	2025-06-30 11:02:48.936126+02	2025-07-01 11:02:48+02	1
294	c84ddfadf05c45a28e7296cf6b4d544b	eyJ0eXAiOiJKV1QiLCJhbGciOiJIUzI1NiJ9.eyJ0b2tlbl90eXBlIjoicmVmcmVzaCIsImV4cCI6MTc1MTM2MDk5NCwiaWF0IjoxNzUxMjc0NTk0LCJqdGkiOiJjODRkZGZhZGYwNWM0NWEyOGU3Mjk2Y2Y2YjRkNTQ0YiIsInVzZXJfaWQiOjF9.ZpdJUdp_BrokkpzYFelFZZ6BqLnFUIbmept7ZTkc8Z8	2025-06-30 11:09:54.039611+02	2025-07-01 11:09:54+02	1
295	d968af60b10a4bdfa89eb7ce77948d3d	eyJ0eXAiOiJKV1QiLCJhbGciOiJIUzI1NiJ9.eyJ0b2tlbl90eXBlIjoicmVmcmVzaCIsImV4cCI6MTc1MTM2MTQxMywiaWF0IjoxNzUxMjc1MDEzLCJqdGkiOiJkOTY4YWY2MGIxMGE0YmRmYTg5ZWI3Y2U3Nzk0OGQzZCIsInVzZXJfaWQiOjF9.v4cGqpCHHlwWGIK4EbQfgFugeO4dCNDGQCXoNrAZ3AU	2025-06-30 11:16:53.89846+02	2025-07-01 11:16:53+02	1
296	c7e752e254894294af2ea80c2538f697	eyJ0eXAiOiJKV1QiLCJhbGciOiJIUzI1NiJ9.eyJ0b2tlbl90eXBlIjoicmVmcmVzaCIsImV4cCI6MTc1MTM2MTc2NywiaWF0IjoxNzUxMjc1MzY3LCJqdGkiOiJjN2U3NTJlMjU0ODk0Mjk0YWYyZWE4MGMyNTM4ZjY5NyIsInVzZXJfaWQiOjF9.pRm-qpr_y35xalbnrrSTDLM9pCpqzEcR05W3_5QVwBs	2025-06-30 11:22:47.093009+02	2025-07-01 11:22:47+02	1
297	955126e73f014fa981629b5146aa24e6	eyJ0eXAiOiJKV1QiLCJhbGciOiJIUzI1NiJ9.eyJ0b2tlbl90eXBlIjoicmVmcmVzaCIsImV4cCI6MTc1MTM2Mjc5NSwiaWF0IjoxNzUxMjc2Mzk1LCJqdGkiOiI5NTUxMjZlNzNmMDE0ZmE5ODE2MjliNTE0NmFhMjRlNiIsInVzZXJfaWQiOjF9.G4bK6ISpZQ2JoVDlOrmGdlWWK8xAkObMEGAGMrK8ESA	2025-06-30 11:39:55.256116+02	2025-07-01 11:39:55+02	1
298	55f68474521546dda7b67a69e449380a	eyJ0eXAiOiJKV1QiLCJhbGciOiJIUzI1NiJ9.eyJ0b2tlbl90eXBlIjoicmVmcmVzaCIsImV4cCI6MTc1MTM2MzE1MSwiaWF0IjoxNzUxMjc2NzUxLCJqdGkiOiI1NWY2ODQ3NDUyMTU0NmRkYTdiNjdhNjllNDQ5MzgwYSIsInVzZXJfaWQiOjF9.bpQw2TUlyrZNNzby1tlpv3kWFaCQ1YUnBrdKTabf4PA	2025-06-30 11:45:51.457931+02	2025-07-01 11:45:51+02	1
299	054da2de364445ce828bdc8a14e1988e	eyJ0eXAiOiJKV1QiLCJhbGciOiJIUzI1NiJ9.eyJ0b2tlbl90eXBlIjoicmVmcmVzaCIsImV4cCI6MTc1MTM2OTc5NCwiaWF0IjoxNzUxMjgzMzk0LCJqdGkiOiIwNTRkYTJkZTM2NDQ0NWNlODI4YmRjOGExNGUxOTg4ZSIsInVzZXJfaWQiOjF9.tI9gdq38O9BYpdFmhENvaAGLu1Vq42MehoWhjVB1o74	2025-06-30 13:36:34.038348+02	2025-07-01 13:36:34+02	1
300	a2d56d8b3d52453488cce4ff29dab21b	eyJ0eXAiOiJKV1QiLCJhbGciOiJIUzI1NiJ9.eyJ0b2tlbl90eXBlIjoicmVmcmVzaCIsImV4cCI6MTc1MTM2OTg4OSwiaWF0IjoxNzUxMjgzNDg5LCJqdGkiOiJhMmQ1NmQ4YjNkNTI0NTM0ODhjY2U0ZmYyOWRhYjIxYiIsInVzZXJfaWQiOjl9.uK_aYNJEivbJOEGiPUzvsge-RvP80MQH7fI43L4Q_kk	2025-06-30 13:38:09.473889+02	2025-07-01 13:38:09+02	9
301	716e7907c5194b53b53716570f564e05	eyJ0eXAiOiJKV1QiLCJhbGciOiJIUzI1NiJ9.eyJ0b2tlbl90eXBlIjoicmVmcmVzaCIsImV4cCI6MTc1MTM3MDg4NSwiaWF0IjoxNzUxMjg0NDg1LCJqdGkiOiI3MTZlNzkwN2M1MTk0YjUzYjUzNzE2NTcwZjU2NGUwNSIsInVzZXJfaWQiOjF9.GKUrJ4QXOxCEx7jhLZT9PWws_WW6sOtVE2q5Ks0TBig	2025-06-30 13:54:45.414701+02	2025-07-01 13:54:45+02	1
302	bd74069318a9487499f1cb8c2273b2cc	eyJ0eXAiOiJKV1QiLCJhbGciOiJIUzI1NiJ9.eyJ0b2tlbl90eXBlIjoicmVmcmVzaCIsImV4cCI6MTc1MTM3MzMxNCwiaWF0IjoxNzUxMjg2OTE0LCJqdGkiOiJiZDc0MDY5MzE4YTk0ODc0OTlmMWNiOGMyMjczYjJjYyIsInVzZXJfaWQiOjF9.YiU_pOGcum0jXnJm6v7XAmBfeN0jrV1eHDlc7LOG6zQ	2025-06-30 14:35:14.143767+02	2025-07-01 14:35:14+02	1
303	e1048ab9258445fc9d9f83396ff1ec8f	eyJ0eXAiOiJKV1QiLCJhbGciOiJIUzI1NiJ9.eyJ0b2tlbl90eXBlIjoicmVmcmVzaCIsImV4cCI6MTc1MTM3MzY4NywiaWF0IjoxNzUxMjg3Mjg3LCJqdGkiOiJlMTA0OGFiOTI1ODQ0NWZjOWQ5ZjgzMzk2ZmYxZWM4ZiIsInVzZXJfaWQiOjF9.RzrkRCAJp5GMnwOnsboJn5WhlnvsxzUYIVDWXjtg9Ao	2025-06-30 14:41:27.044454+02	2025-07-01 14:41:27+02	1
304	a9e7652806854a8a81f5391bb7a3670d	eyJ0eXAiOiJKV1QiLCJhbGciOiJIUzI1NiJ9.eyJ0b2tlbl90eXBlIjoicmVmcmVzaCIsImV4cCI6MTc1MTM3NDAzMCwiaWF0IjoxNzUxMjg3NjMwLCJqdGkiOiJhOWU3NjUyODA2ODU0YThhODFmNTM5MWJiN2EzNjcwZCIsInVzZXJfaWQiOjF9.pt2SYRzE-7dcvBW7VMqR3dtpxY44d9abmYkRm6grQaw	2025-06-30 14:47:10.872314+02	2025-07-01 14:47:10+02	1
305	fa854c90b1b5436a995a04f93e68ee3c	eyJ0eXAiOiJKV1QiLCJhbGciOiJIUzI1NiJ9.eyJ0b2tlbl90eXBlIjoicmVmcmVzaCIsImV4cCI6MTc1MTQ4MDIwMSwiaWF0IjoxNzUxMzkzODAxLCJqdGkiOiJmYTg1NGM5MGIxYjU0MzZhOTk1YTA0ZjkzZTY4ZWUzYyIsInVzZXJfaWQiOjl9.1UG_doO5Nlwnv7SR0opuoBwua1MmtuOrKFohWJyiq6U	2025-07-01 20:16:41.619718+02	2025-07-02 20:16:41+02	9
306	ae82aaca342a45938aaaf551f1e5f41e	eyJ0eXAiOiJKV1QiLCJhbGciOiJIUzI1NiJ9.eyJ0b2tlbl90eXBlIjoicmVmcmVzaCIsImV4cCI6MTc1MTUzMDI3MywiaWF0IjoxNzUxNDQzODczLCJqdGkiOiJhZTgyYWFjYTM0MmE0NTkzOGFhYWY1NTFmMWU1ZjQxZSIsInVzZXJfaWQiOjF9.Aq2ShkIIKo5KbGKnHj4JzZ8cBAyPhc5DVHxvUlFbFfc	2025-07-02 10:11:13.660338+02	2025-07-03 10:11:13+02	1
307	deea389f398f41debc0e29959558197c	eyJ0eXAiOiJKV1QiLCJhbGciOiJIUzI1NiJ9.eyJ0b2tlbl90eXBlIjoicmVmcmVzaCIsImV4cCI6MTc1MTUzMTc0MywiaWF0IjoxNzUxNDQ1MzQzLCJqdGkiOiJkZWVhMzg5ZjM5OGY0MWRlYmMwZTI5OTU5NTU4MTk3YyIsInVzZXJfaWQiOjF9.RNTBKzINUTdnIj_cM7VVcutnY4j5TxQerFWCQWoqVYo	2025-07-02 10:35:43.926316+02	2025-07-03 10:35:43+02	1
308	b6381b5506d943ae919f5a87edf34db8	eyJ0eXAiOiJKV1QiLCJhbGciOiJIUzI1NiJ9.eyJ0b2tlbl90eXBlIjoicmVmcmVzaCIsImV4cCI6MTc1MTU0NTE5NCwiaWF0IjoxNzUxNDU4Nzk0LCJqdGkiOiJiNjM4MWI1NTA2ZDk0M2FlOTE5ZjVhODdlZGYzNGRiOCIsInVzZXJfaWQiOjF9.Y_moZl8NX0knH8E64_csRmRz00mM0bmLGPYlJkFl8q0	2025-07-02 14:19:54.018265+02	2025-07-03 14:19:54+02	1
309	d412b7f5928b4b06b0fa3ef4fb13bbc9	eyJ0eXAiOiJKV1QiLCJhbGciOiJIUzI1NiJ9.eyJ0b2tlbl90eXBlIjoicmVmcmVzaCIsImV4cCI6MTc1MTU1MzExMywiaWF0IjoxNzUxNDY2NzEzLCJqdGkiOiJkNDEyYjdmNTkyOGI0YjA2YjBmYTNlZjRmYjEzYmJjOSIsInVzZXJfaWQiOjF9.MyMo5XGoEYu99q7U7P00u7Prx4WfbqypEmxEJZylhPE	2025-07-02 16:31:53.793827+02	2025-07-03 16:31:53+02	1
310	1b7869238b3c4473836293162f382027	eyJ0eXAiOiJKV1QiLCJhbGciOiJIUzI1NiJ9.eyJ0b2tlbl90eXBlIjoicmVmcmVzaCIsImV4cCI6MTc1MTU1MzkzNywiaWF0IjoxNzUxNDY3NTM3LCJqdGkiOiIxYjc4NjkyMzhiM2M0NDczODM2MjkzMTYyZjM4MjAyNyIsInVzZXJfaWQiOjF9._WrY441-7xHTT26NHKTq2tnG1Sv_hCo1P1sMxwlyZG8	2025-07-02 16:45:37.193951+02	2025-07-03 16:45:37+02	1
311	a9783a269c034961bc070cf288f94c62	eyJ0eXAiOiJKV1QiLCJhbGciOiJIUzI1NiJ9.eyJ0b2tlbl90eXBlIjoicmVmcmVzaCIsImV4cCI6MTc1MTU1NDEwNSwiaWF0IjoxNzUxNDY3NzA1LCJqdGkiOiJhOTc4M2EyNjljMDM0OTYxYmMwNzBjZjI4OGY5NGM2MiIsInVzZXJfaWQiOjF9.qFJsnlY_DHXIxtDKx9Aztc1yVvFpVdgp2oelErsPwbE	2025-07-02 16:48:25.564351+02	2025-07-03 16:48:25+02	1
312	84af85487c3f466d992def3daa695342	eyJ0eXAiOiJKV1QiLCJhbGciOiJIUzI1NiJ9.eyJ0b2tlbl90eXBlIjoicmVmcmVzaCIsImV4cCI6MTc1MTU1NDgwNywiaWF0IjoxNzUxNDY4NDA3LCJqdGkiOiI4NGFmODU0ODdjM2Y0NjZkOTkyZGVmM2RhYTY5NTM0MiIsInVzZXJfaWQiOjF9.1jQ0gC8cDQwMpw6A5HKt8FLdIBihbBgDbb85RoM3GWU	2025-07-02 17:00:07.53272+02	2025-07-03 17:00:07+02	1
313	a6c64453ad874b6286ee600b2574f5f6	eyJ0eXAiOiJKV1QiLCJhbGciOiJIUzI1NiJ9.eyJ0b2tlbl90eXBlIjoicmVmcmVzaCIsImV4cCI6MTc1MTU3MDA5NCwiaWF0IjoxNzUxNDgzNjk0LCJqdGkiOiJhNmM2NDQ1M2FkODc0YjYyODZlZTYwMGIyNTc0ZjVmNiIsInVzZXJfaWQiOjF9.KTdu5LLrkMjbWUlOwgJzErf5vK_zfmtIEWXL7f9WEoE	2025-07-02 21:14:54.206076+02	2025-07-03 21:14:54+02	1
314	aee3086556d6483980ac99b979703d5d	eyJ0eXAiOiJKV1QiLCJhbGciOiJIUzI1NiJ9.eyJ0b2tlbl90eXBlIjoicmVmcmVzaCIsImV4cCI6MTc1MTU3MjEyMCwiaWF0IjoxNzUxNDg1NzIwLCJqdGkiOiJhZWUzMDg2NTU2ZDY0ODM5ODBhYzk5Yjk3OTcwM2Q1ZCIsInVzZXJfaWQiOjF9.Vg8qG4Ze1t4GAka31jo84P5YNXNhxTuj2QsnepLjK8Y	2025-07-02 21:48:40.862132+02	2025-07-03 21:48:40+02	1
315	b0d8781cfc4c4d3e999f8114b89de5b4	eyJ0eXAiOiJKV1QiLCJhbGciOiJIUzI1NiJ9.eyJ0b2tlbl90eXBlIjoicmVmcmVzaCIsImV4cCI6MTc1MTY0MTgxNCwiaWF0IjoxNzUxNTU1NDE0LCJqdGkiOiJiMGQ4NzgxY2ZjNGM0ZDNlOTk5ZjgxMTRiODlkZTViNCIsInVzZXJfaWQiOjF9.IbmxC2zyzHrGY6e5ElHH0P5DV5To5GIKifukwo3JwDQ	2025-07-03 17:10:14.856779+02	2025-07-04 17:10:14+02	1
316	86704156c7c8414cbe46c53d95bcfb14	eyJ0eXAiOiJKV1QiLCJhbGciOiJIUzI1NiJ9.eyJ0b2tlbl90eXBlIjoicmVmcmVzaCIsImV4cCI6MTc1MTY1MjUyMCwiaWF0IjoxNzUxNTY2MTIwLCJqdGkiOiI4NjcwNDE1NmM3Yzg0MTRjYmU0NmM1M2Q5NWJjZmIxNCIsInVzZXJfaWQiOjF9.3GGHa1bB9OK877MzRmhW6VLi5yW6f9OHUwmVSCBEIBI	2025-07-03 20:08:40.094057+02	2025-07-04 20:08:40+02	1
317	c1d13c9ef6c04d55989b4cb31eb73727	eyJ0eXAiOiJKV1QiLCJhbGciOiJIUzI1NiJ9.eyJ0b2tlbl90eXBlIjoicmVmcmVzaCIsImV4cCI6MTc1MTY1NDI3OSwiaWF0IjoxNzUxNTY3ODc5LCJqdGkiOiJjMWQxM2M5ZWY2YzA0ZDU1OTg5YjRjYjMxZWI3MzcyNyIsInVzZXJfaWQiOjF9.6kdR7npCjQLmrlcASZLYQXkN9HY6EcGbArSfrgFogtA	2025-07-03 20:37:59.917387+02	2025-07-04 20:37:59+02	1
318	dfab65cc5e0040c8977063594b9c0adc	eyJ0eXAiOiJKV1QiLCJhbGciOiJIUzI1NiJ9.eyJ0b2tlbl90eXBlIjoicmVmcmVzaCIsImV4cCI6MTc1MTY1NTA1OCwiaWF0IjoxNzUxNTY4NjU4LCJqdGkiOiJkZmFiNjVjYzVlMDA0MGM4OTc3MDYzNTk0YjljMGFkYyIsInVzZXJfaWQiOjF9.9XlKHtfKp-Zbag6POib_10x2Xs3IIvf8lZ_ERH2Qq4U	2025-07-03 20:50:58.544287+02	2025-07-04 20:50:58+02	1
319	bdc84b5ca7d142a0b6a7cf2511477d28	eyJ0eXAiOiJKV1QiLCJhbGciOiJIUzI1NiJ9.eyJ0b2tlbl90eXBlIjoicmVmcmVzaCIsImV4cCI6MTc1MTY1NTc0MCwiaWF0IjoxNzUxNTY5MzQwLCJqdGkiOiJiZGM4NGI1Y2E3ZDE0MmEwYjZhN2NmMjUxMTQ3N2QyOCIsInVzZXJfaWQiOjF9._K-hK_JOayHekUGFjENjyLYITdjI7ZqIP_odHSEpR9w	2025-07-03 21:02:20.634941+02	2025-07-04 21:02:20+02	1
320	a9f002f3b5884158afb2a77893f86166	eyJ0eXAiOiJKV1QiLCJhbGciOiJIUzI1NiJ9.eyJ0b2tlbl90eXBlIjoicmVmcmVzaCIsImV4cCI6MTc1MTY1NjI1NSwiaWF0IjoxNzUxNTY5ODU1LCJqdGkiOiJhOWYwMDJmM2I1ODg0MTU4YWZiMmE3Nzg5M2Y4NjE2NiIsInVzZXJfaWQiOjF9.DIsyWnOdQCmC7anym1VZdwXgRNECfZueArOpDqq7P-c	2025-07-03 21:10:55.310358+02	2025-07-04 21:10:55+02	1
321	051fb0295a6646a8b6a75297109c5d63	eyJ0eXAiOiJKV1QiLCJhbGciOiJIUzI1NiJ9.eyJ0b2tlbl90eXBlIjoicmVmcmVzaCIsImV4cCI6MTc1MTY1NjU4NiwiaWF0IjoxNzUxNTcwMTg2LCJqdGkiOiIwNTFmYjAyOTVhNjY0NmE4YjZhNzUyOTcxMDljNWQ2MyIsInVzZXJfaWQiOjF9.zZw_x6EMlDmKXops5eC04lRhcoxQqooFyv4q6VAckSI	2025-07-03 21:16:26.517124+02	2025-07-04 21:16:26+02	1
322	d0e1850056784350b76ed63abe7c23b5	eyJ0eXAiOiJKV1QiLCJhbGciOiJIUzI1NiJ9.eyJ0b2tlbl90eXBlIjoicmVmcmVzaCIsImV4cCI6MTc1MTY1NjkzNCwiaWF0IjoxNzUxNTcwNTM0LCJqdGkiOiJkMGUxODUwMDU2Nzg0MzUwYjc2ZWQ2M2FiZTdjMjNiNSIsInVzZXJfaWQiOjF9.Cd2b2BTjd-nllu0_wJdondYYkElvpxb3sGmyjnAy6t0	2025-07-03 21:22:14.497248+02	2025-07-04 21:22:14+02	1
323	602941330cae4344b9e664e490fce6e6	eyJ0eXAiOiJKV1QiLCJhbGciOiJIUzI1NiJ9.eyJ0b2tlbl90eXBlIjoicmVmcmVzaCIsImV4cCI6MTc1MTY1ODI3MywiaWF0IjoxNzUxNTcxODczLCJqdGkiOiI2MDI5NDEzMzBjYWU0MzQ0YjllNjY0ZTQ5MGZjZTZlNiIsInVzZXJfaWQiOjF9.1QWtV-6JAmMyxw3YEzlXo9Yu-vrAe-fIKqA_RAP_9H4	2025-07-03 21:44:33.30089+02	2025-07-04 21:44:33+02	1
324	7b91314e23bc416e9cbb14b84e064e40	eyJ0eXAiOiJKV1QiLCJhbGciOiJIUzI1NiJ9.eyJ0b2tlbl90eXBlIjoicmVmcmVzaCIsImV4cCI6MTc1MTY1ODc5MiwiaWF0IjoxNzUxNTcyMzkyLCJqdGkiOiI3YjkxMzE0ZTIzYmM0MTZlOWNiYjE0Yjg0ZTA2NGU0MCIsInVzZXJfaWQiOjF9.GKIWWnUIK_XJ36y-ZWHZSkBeWK3LC7QikgdWPBTM-ug	2025-07-03 21:53:12.203583+02	2025-07-04 21:53:12+02	1
325	65ac9d25934044e38f40c0257854a97e	eyJ0eXAiOiJKV1QiLCJhbGciOiJIUzI1NiJ9.eyJ0b2tlbl90eXBlIjoicmVmcmVzaCIsImV4cCI6MTc1MTY1OTEzNSwiaWF0IjoxNzUxNTcyNzM1LCJqdGkiOiI2NWFjOWQyNTkzNDA0NGUzOGY0MGMwMjU3ODU0YTk3ZSIsInVzZXJfaWQiOjF9.2yNAXswFpt2Ck7EIyiqoxFmio2gxTXD8IO7LNcZ7228	2025-07-03 21:58:55.487888+02	2025-07-04 21:58:55+02	1
326	3e4155cbf6194e7ba7684cfe0feb0afd	eyJ0eXAiOiJKV1QiLCJhbGciOiJIUzI1NiJ9.eyJ0b2tlbl90eXBlIjoicmVmcmVzaCIsImV4cCI6MTc1MTcwMDk1NiwiaWF0IjoxNzUxNjE0NTU2LCJqdGkiOiIzZTQxNTVjYmY2MTk0ZTdiYTc2ODRjZmUwZmViMGFmZCIsInVzZXJfaWQiOjF9.YIw3JQVsZ3yJ1ZcJrufQw71ANtQv8Wsxx22rkpgwhac	2025-07-04 09:35:56.956223+02	2025-07-05 09:35:56+02	1
327	209f4611a13a4e929c728e77a97b13fd	eyJ0eXAiOiJKV1QiLCJhbGciOiJIUzI1NiJ9.eyJ0b2tlbl90eXBlIjoicmVmcmVzaCIsImV4cCI6MTc1MTk3NTEwMCwiaWF0IjoxNzUxODg4NzAwLCJqdGkiOiIyMDlmNDYxMWExM2E0ZTkyOWM3MjhlNzdhOTdiMTNmZCIsInVzZXJfaWQiOjF9.MGbi7A_wHIgYjO6L1PDq66Q1H7wb4ODUIdGigKntO34	2025-07-07 13:45:00.656907+02	2025-07-08 13:45:00+02	1
328	b8abcf880e6946068f7150d7af98ca3f	eyJ0eXAiOiJKV1QiLCJhbGciOiJIUzI1NiJ9.eyJ0b2tlbl90eXBlIjoicmVmcmVzaCIsImV4cCI6MTc1MTk3NzE5MCwiaWF0IjoxNzUxODkwNzkwLCJqdGkiOiJiOGFiY2Y4ODBlNjk0NjA2OGY3MTUwZDdhZjk4Y2EzZiIsInVzZXJfaWQiOjF9.nsnl4N3nmJSDE7IiJg_1njcStPGCwaQXwvyn6AI5vWI	2025-07-07 14:19:50.929924+02	2025-07-08 14:19:50+02	1
329	9a441f4b4d804441a92ea0a83b813440	eyJ0eXAiOiJKV1QiLCJhbGciOiJIUzI1NiJ9.eyJ0b2tlbl90eXBlIjoicmVmcmVzaCIsImV4cCI6MTc1MTk3ODEwNiwiaWF0IjoxNzUxODkxNzA2LCJqdGkiOiI5YTQ0MWY0YjRkODA0NDQxYTkyZWEwYTgzYjgxMzQ0MCIsInVzZXJfaWQiOjF9.qGUHTmZGfm5FWSWb21So2w2a9w_KZAwMsg7jMcaHO1g	2025-07-07 14:35:06.612209+02	2025-07-08 14:35:06+02	1
330	d7afe121e53145b59a5741f0dd71f43e	eyJ0eXAiOiJKV1QiLCJhbGciOiJIUzI1NiJ9.eyJ0b2tlbl90eXBlIjoicmVmcmVzaCIsImV4cCI6MTc1MjAwMTk0NCwiaWF0IjoxNzUxOTE1NTQ0LCJqdGkiOiJkN2FmZTEyMWU1MzE0NWI1OWE1NzQxZjBkZDcxZjQzZSIsInVzZXJfaWQiOjF9.sT8juE8qgSHdhnRPNp_f-r52fVQSocyEYCEDkC_NmQ4	2025-07-07 21:12:24.642253+02	2025-07-08 21:12:24+02	1
331	b22b9290ee574a22aa14aec0593258d4	eyJ0eXAiOiJKV1QiLCJhbGciOiJIUzI1NiJ9.eyJ0b2tlbl90eXBlIjoicmVmcmVzaCIsImV4cCI6MTc1MjAwMjk4MywiaWF0IjoxNzUxOTE2NTgzLCJqdGkiOiJiMjJiOTI5MGVlNTc0YTIyYWExNGFlYzA1OTMyNThkNCIsInVzZXJfaWQiOjF9.JCoZM8SK24CceYRlvxoFPMB0xF68E_lcPREgjpdVIDo	2025-07-07 21:29:43.3217+02	2025-07-08 21:29:43+02	1
332	56256a857f444804a64d233544189e1b	eyJ0eXAiOiJKV1QiLCJhbGciOiJIUzI1NiJ9.eyJ0b2tlbl90eXBlIjoicmVmcmVzaCIsImV4cCI6MTc1MjU4Nzg3MCwiaWF0IjoxNzUyNTAxNDcwLCJqdGkiOiI1NjI1NmE4NTdmNDQ0ODA0YTY0ZDIzMzU0NDE4OWUxYiIsInVzZXJfaWQiOjF9.PYAgaQ5B9oJikb5o-0PsL_UZskaoNpMf2bPBk5jmVvA	2025-07-14 15:57:50.387293+02	2025-07-15 15:57:50+02	1
333	0f808c3f46d7464a9176ddaaabd54a78	eyJ0eXAiOiJKV1QiLCJhbGciOiJIUzI1NiJ9.eyJ0b2tlbl90eXBlIjoicmVmcmVzaCIsImV4cCI6MTc1MjU4OTQzNywiaWF0IjoxNzUyNTAzMDM3LCJqdGkiOiIwZjgwOGMzZjQ2ZDc0NjRhOTE3NmRkYWFhYmQ1NGE3OCIsInVzZXJfaWQiOjF9.4F033uWdnLcyVD1v8rLlpTRpFqNy0pWvfTdujvDGW_0	2025-07-14 16:23:57.52114+02	2025-07-15 16:23:57+02	1
334	2f5513d474424208b5f2799f18f462a5	eyJ0eXAiOiJKV1QiLCJhbGciOiJIUzI1NiJ9.eyJ0b2tlbl90eXBlIjoicmVmcmVzaCIsImV4cCI6MTc1MjY4OTU3MCwiaWF0IjoxNzUyNjAzMTcwLCJqdGkiOiIyZjU1MTNkNDc0NDI0MjA4YjVmMjc5OWYxOGY0NjJhNSIsInVzZXJfaWQiOjF9.RaEkyi1Ezr0khKeISMaEKXsNw3yrkBBCL5aD11a7k3Q	2025-07-15 20:12:50.224559+02	2025-07-16 20:12:50+02	1
335	68f2ac1dbe48403e8dc45e537672afae	eyJ0eXAiOiJKV1QiLCJhbGciOiJIUzI1NiJ9.eyJ0b2tlbl90eXBlIjoicmVmcmVzaCIsImV4cCI6MTc1MzEwNDcyMiwiaWF0IjoxNzUzMDE4MzIyLCJqdGkiOiI2OGYyYWMxZGJlNDg0MDNlOGRjNDVlNTM3NjcyYWZhZSIsInVzZXJfaWQiOjF9.lQ5e6Q6YorN0BcrJ-wg-9139GAvO24UnxSeCYS9hnVE	2025-07-20 15:32:02.743285+02	2025-07-21 15:32:02+02	1
336	e8eb8b66ae9f4dfb8910bf65b0c40cae	eyJ0eXAiOiJKV1QiLCJhbGciOiJIUzI1NiJ9.eyJ0b2tlbl90eXBlIjoicmVmcmVzaCIsImV4cCI6MTc1MzEwOTQ1MCwiaWF0IjoxNzUzMDIzMDUwLCJqdGkiOiJlOGViOGI2NmFlOWY0ZGZiODkxMGJmNjViMGM0MGNhZSIsInVzZXJfaWQiOjF9.hGAHwoBDu7EaAgS5eux_JBIjTsRSUCASxHLSQ5N-15A	2025-07-20 16:50:50.929061+02	2025-07-21 16:50:50+02	1
337	91a91c7688d04f0bbb1d4ee590ae5ab0	eyJ0eXAiOiJKV1QiLCJhbGciOiJIUzI1NiJ9.eyJ0b2tlbl90eXBlIjoicmVmcmVzaCIsImV4cCI6MTc1MzExMjI2NSwiaWF0IjoxNzUzMDI1ODY1LCJqdGkiOiI5MWE5MWM3Njg4ZDA0ZjBiYmIxZDRlZTU5MGFlNWFiMCIsInVzZXJfaWQiOjF9.f4PRdMEyJ5J-NajYrKsOBcum3Xn7im2qrLc8HAYSET4	2025-07-20 17:37:45.026935+02	2025-07-21 17:37:45+02	1
338	c954d3194a1e43158c386b5b26b83843	eyJ0eXAiOiJKV1QiLCJhbGciOiJIUzI1NiJ9.eyJ0b2tlbl90eXBlIjoicmVmcmVzaCIsImV4cCI6MTc1MzExMjc3NiwiaWF0IjoxNzUzMDI2Mzc2LCJqdGkiOiJjOTU0ZDMxOTRhMWU0MzE1OGMzODZiNWIyNmI4Mzg0MyIsInVzZXJfaWQiOjF9.yIe_Ar24QIBoN9J0X9EEQuULB6F1fZdFMZ5l4SZLe3g	2025-07-20 17:46:16.510799+02	2025-07-21 17:46:16+02	1
339	7ad0618b5e1f4063b129b73de5efcd0f	eyJ0eXAiOiJKV1QiLCJhbGciOiJIUzI1NiJ9.eyJ0b2tlbl90eXBlIjoicmVmcmVzaCIsImV4cCI6MTc1MzE4NzUzOSwiaWF0IjoxNzUzMTAxMTM5LCJqdGkiOiI3YWQwNjE4YjVlMWY0MDYzYjEyOWI3M2RlNWVmY2QwZiIsInVzZXJfaWQiOjF9.nxW7p7rEdeHZ4E6LpdbYzroKWMXiva-dQaIguYjz8ak	2025-07-21 14:32:19.934866+02	2025-07-22 14:32:19+02	1
340	636ba78dd3304d0dad3720590c2c4716	eyJ0eXAiOiJKV1QiLCJhbGciOiJIUzI1NiJ9.eyJ0b2tlbl90eXBlIjoicmVmcmVzaCIsImV4cCI6MTc1MzE5MDM1NSwiaWF0IjoxNzUzMTAzOTU1LCJqdGkiOiI2MzZiYTc4ZGQzMzA0ZDBkYWQzNzIwNTkwYzJjNDcxNiIsInVzZXJfaWQiOjF9.VUkSPq0AzAxM7YvZmqXkvMAGmpdqlzmGQ8_jP3lHppc	2025-07-21 15:19:15.4766+02	2025-07-22 15:19:15+02	1
341	af0aa1747e284b188c518279900b8e76	eyJ0eXAiOiJKV1QiLCJhbGciOiJIUzI1NiJ9.eyJ0b2tlbl90eXBlIjoicmVmcmVzaCIsImV4cCI6MTc1MzE5MzE5NCwiaWF0IjoxNzUzMTA2Nzk0LCJqdGkiOiJhZjBhYTE3NDdlMjg0YjE4OGM1MTgyNzk5MDBiOGU3NiIsInVzZXJfaWQiOjF9.4yJEf-7HR_YC9JtUe_e_ULklOoae32zYhKYunOamszY	2025-07-21 16:06:34.308599+02	2025-07-22 16:06:34+02	1
342	23661bd058244dbd8e7c86fb5985ce3b	eyJ0eXAiOiJKV1QiLCJhbGciOiJIUzI1NiJ9.eyJ0b2tlbl90eXBlIjoicmVmcmVzaCIsImV4cCI6MTc1MzE5MzU0OSwiaWF0IjoxNzUzMTA3MTQ5LCJqdGkiOiIyMzY2MWJkMDU4MjQ0ZGJkOGU3Yzg2ZmI1OTg1Y2UzYiIsInVzZXJfaWQiOjF9.5PL81Mo-tC69D9i162k-aWwLrktmpzoS80JGm6_5-Xk	2025-07-21 16:12:29.616879+02	2025-07-22 16:12:29+02	1
343	05d1ef637de948ff8c9107e26788a6ae	eyJ0eXAiOiJKV1QiLCJhbGciOiJIUzI1NiJ9.eyJ0b2tlbl90eXBlIjoicmVmcmVzaCIsImV4cCI6MTc1MzE5NDU4MywiaWF0IjoxNzUzMTA4MTgzLCJqdGkiOiIwNWQxZWY2MzdkZTk0OGZmOGM5MTA3ZTI2Nzg4YTZhZSIsInVzZXJfaWQiOjF9.4mYN2Mo2SREGE9cc_eP8DVBs-yoimEufDGW9h8lRpu4	2025-07-21 16:29:43.177384+02	2025-07-22 16:29:43+02	1
344	0f5a2b103035431da08bce4cfc51b605	eyJ0eXAiOiJKV1QiLCJhbGciOiJIUzI1NiJ9.eyJ0b2tlbl90eXBlIjoicmVmcmVzaCIsImV4cCI6MTc1MzE5NDkyNSwiaWF0IjoxNzUzMTA4NTI1LCJqdGkiOiIwZjVhMmIxMDMwMzU0MzFkYTA4YmNlNGNmYzUxYjYwNSIsInVzZXJfaWQiOjF9.wTD1dqyvGS3cIs8UThjYlmq6ikejoaR-LEzTiEw3GlA	2025-07-21 16:35:25.848307+02	2025-07-22 16:35:25+02	1
345	70049aa73e134902ab1eb741f702ea0f	eyJ0eXAiOiJKV1QiLCJhbGciOiJIUzI1NiJ9.eyJ0b2tlbl90eXBlIjoicmVmcmVzaCIsImV4cCI6MTc1MzE5NTI2OSwiaWF0IjoxNzUzMTA4ODY5LCJqdGkiOiI3MDA0OWFhNzNlMTM0OTAyYWIxZWI3NDFmNzAyZWEwZiIsInVzZXJfaWQiOjF9.TkiAp7PmeSeHxLhoHbpKJvydYnT2mIw1aQSb_ZMxRCM	2025-07-21 16:41:09.413107+02	2025-07-22 16:41:09+02	1
346	4054f6dc3844439bb2af32d55d3aecf6	eyJ0eXAiOiJKV1QiLCJhbGciOiJIUzI1NiJ9.eyJ0b2tlbl90eXBlIjoicmVmcmVzaCIsImV4cCI6MTc1MzIwMDkyMywiaWF0IjoxNzUzMTE0NTIzLCJqdGkiOiI0MDU0ZjZkYzM4NDQ0MzliYjJhZjMyZDU1ZDNhZWNmNiIsInVzZXJfaWQiOjF9.alKs46juLn7JRy6nub4Hab-TvtZr7DgNbgQJOWiX98w	2025-07-21 18:15:23.282911+02	2025-07-22 18:15:23+02	1
347	95f4c5c746fe49faaa036bf9e42e5462	eyJ0eXAiOiJKV1QiLCJhbGciOiJIUzI1NiJ9.eyJ0b2tlbl90eXBlIjoicmVmcmVzaCIsImV4cCI6MTc1MzMwMjY3NywiaWF0IjoxNzUzMjE2Mjc3LCJqdGkiOiI5NWY0YzVjNzQ2ZmU0OWZhYWEwMzZiZjllNDJlNTQ2MiIsInVzZXJfaWQiOjF9.5z_DfLWZfQBPccxH-ouqww5JOFD5xNwbgHSKYioH_F4	2025-07-22 22:31:17.268599+02	2025-07-23 22:31:17+02	1
348	5e16a5748e0a46589a746fc3c3cef0d6	eyJ0eXAiOiJKV1QiLCJhbGciOiJIUzI1NiJ9.eyJ0b2tlbl90eXBlIjoicmVmcmVzaCIsImV4cCI6MTc1MzMwMjczNSwiaWF0IjoxNzUzMjE2MzM1LCJqdGkiOiI1ZTE2YTU3NDhlMGE0NjU4OWE3NDZmYzNjM2NlZjBkNiIsInVzZXJfaWQiOjF9.Mlq1ZbZPqMWWLHmK2rBVYsM9D8cGM01sk2KryrdXm0g	2025-07-22 22:32:15.684204+02	2025-07-23 22:32:15+02	1
349	dfaaaef67632428ab4361870eb6ccdc2	eyJ0eXAiOiJKV1QiLCJhbGciOiJIUzI1NiJ9.eyJ0b2tlbl90eXBlIjoicmVmcmVzaCIsImV4cCI6MTc1MzMwMjg3MCwiaWF0IjoxNzUzMjE2NDcwLCJqdGkiOiJkZmFhYWVmNjc2MzI0MjhhYjQzNjE4NzBlYjZjY2RjMiIsInVzZXJfaWQiOjF9.ukdK_hKuV9KX_As9oIl9Da8hKdpPMZatCVm9i3RdZ6c	2025-07-22 22:34:30.799187+02	2025-07-23 22:34:30+02	1
350	13b4a688478d4fc483b48a794c993601	eyJ0eXAiOiJKV1QiLCJhbGciOiJIUzI1NiJ9.eyJ0b2tlbl90eXBlIjoicmVmcmVzaCIsImV4cCI6MTc1MzMwMzA5NCwiaWF0IjoxNzUzMjE2Njk0LCJqdGkiOiIxM2I0YTY4ODQ3OGQ0ZmM0ODNiNDhhNzk0Yzk5MzYwMSIsInVzZXJfaWQiOjF9.-gyAippomVxCwRnTa8wCEkn8PVsfuZPVU9Ua3BZ6h0Y	2025-07-22 22:38:14.571486+02	2025-07-23 22:38:14+02	1
351	8fce49bc46e3452f92af9924b3bcc0dd	eyJ0eXAiOiJKV1QiLCJhbGciOiJIUzI1NiJ9.eyJ0b2tlbl90eXBlIjoicmVmcmVzaCIsImV4cCI6MTc1MzMwMzIyOSwiaWF0IjoxNzUzMjE2ODI5LCJqdGkiOiI4ZmNlNDliYzQ2ZTM0NTJmOTJhZjk5MjRiM2JjYzBkZCIsInVzZXJfaWQiOjF9.N5fj6NKP_c7LvYPmY4nouMKCn_fibLME9kBLkKWxi34	2025-07-22 22:40:29.77656+02	2025-07-23 22:40:29+02	1
352	d197446d4d6041dbb9fcf218bedd6cfd	eyJ0eXAiOiJKV1QiLCJhbGciOiJIUzI1NiJ9.eyJ0b2tlbl90eXBlIjoicmVmcmVzaCIsImV4cCI6MTc1MzMwMzY0OSwiaWF0IjoxNzUzMjE3MjQ5LCJqdGkiOiJkMTk3NDQ2ZDRkNjA0MWRiYjlmY2YyMThiZWRkNmNmZCIsInVzZXJfaWQiOjF9.TwGwKMIWxSXKNbsJuNw1tjmA2Qp7e_2_Aj-8OZTMMm8	2025-07-22 22:47:29.150621+02	2025-07-23 22:47:29+02	1
353	3a2d8d6b19164f729c9f5e4fb27c134e	eyJ0eXAiOiJKV1QiLCJhbGciOiJIUzI1NiJ9.eyJ0b2tlbl90eXBlIjoicmVmcmVzaCIsImV4cCI6MTc1NDI1NjY5NSwiaWF0IjoxNzU0MTcwMjk1LCJqdGkiOiIzYTJkOGQ2YjE5MTY0ZjcyOWM5ZjVlNGZiMjdjMTM0ZSIsInVzZXJfaWQiOjF9.KsBuO_8WjnJetC4Wq5EgWW-PUrPNqW5pOIs8SFjBkcg	2025-08-02 23:31:35.075024+02	2025-08-03 23:31:35+02	1
\.


--
-- Name: auth_group_id_seq; Type: SEQUENCE SET; Schema: public; Owner: postgres
--

SELECT pg_catalog.setval('public.auth_group_id_seq', 1, false);


--
-- Name: auth_group_permissions_id_seq; Type: SEQUENCE SET; Schema: public; Owner: postgres
--

SELECT pg_catalog.setval('public.auth_group_permissions_id_seq', 1, false);


--
-- Name: auth_permission_id_seq; Type: SEQUENCE SET; Schema: public; Owner: postgres
--

SELECT pg_catalog.setval('public.auth_permission_id_seq', 60, true);


--
-- Name: back_contrat_id_seq; Type: SEQUENCE SET; Schema: public; Owner: postgres
--

SELECT pg_catalog.setval('public.back_contrat_id_seq', 3, true);


--
-- Name: back_magasin_created_by_id_seq; Type: SEQUENCE SET; Schema: public; Owner: postgres
--

SELECT pg_catalog.setval('public.back_magasin_created_by_id_seq', 5, true);


--
-- Name: back_magasin_id_seq; Type: SEQUENCE SET; Schema: public; Owner: postgres
--

SELECT pg_catalog.setval('public.back_magasin_id_seq', 5, true);


--
-- Name: back_planning_id_seq; Type: SEQUENCE SET; Schema: public; Owner: postgres
--

SELECT pg_catalog.setval('public.back_planning_id_seq', 748, true);


--
-- Name: back_user_groups_id_seq; Type: SEQUENCE SET; Schema: public; Owner: postgres
--

SELECT pg_catalog.setval('public.back_user_groups_id_seq', 1, false);


--
-- Name: back_user_id_seq; Type: SEQUENCE SET; Schema: public; Owner: postgres
--

SELECT pg_catalog.setval('public.back_user_id_seq', 20, true);


--
-- Name: back_user_magasin_id_seq; Type: SEQUENCE SET; Schema: public; Owner: postgres
--

SELECT pg_catalog.setval('public.back_user_magasin_id_seq', 23, true);


--
-- Name: back_user_user_permissions_id_seq; Type: SEQUENCE SET; Schema: public; Owner: postgres
--

SELECT pg_catalog.setval('public.back_user_user_permissions_id_seq', 1, false);


--
-- Name: back_vacation_id_seq; Type: SEQUENCE SET; Schema: public; Owner: postgres
--

SELECT pg_catalog.setval('public.back_vacation_id_seq', 5, true);


--
-- Name: back_workingday_id_seq; Type: SEQUENCE SET; Schema: public; Owner: postgres
--

SELECT pg_catalog.setval('public.back_workingday_id_seq', 19, true);


--
-- Name: django_admin_log_id_seq; Type: SEQUENCE SET; Schema: public; Owner: postgres
--

SELECT pg_catalog.setval('public.django_admin_log_id_seq', 1, false);


--
-- Name: django_content_type_id_seq; Type: SEQUENCE SET; Schema: public; Owner: postgres
--

SELECT pg_catalog.setval('public.django_content_type_id_seq', 14, true);


--
-- Name: django_migrations_id_seq; Type: SEQUENCE SET; Schema: public; Owner: postgres
--

SELECT pg_catalog.setval('public.django_migrations_id_seq', 34, true);


--
-- Name: django_rest_passwordreset_resetpasswordtoken_id_seq; Type: SEQUENCE SET; Schema: public; Owner: postgres
--

SELECT pg_catalog.setval('public.django_rest_passwordreset_resetpasswordtoken_id_seq', 4, true);


--
-- Name: token_blacklist_blacklistedtoken_id_seq; Type: SEQUENCE SET; Schema: public; Owner: postgres
--

SELECT pg_catalog.setval('public.token_blacklist_blacklistedtoken_id_seq', 19, true);


--
-- Name: token_blacklist_outstandingtoken_id_seq; Type: SEQUENCE SET; Schema: public; Owner: postgres
--

SELECT pg_catalog.setval('public.token_blacklist_outstandingtoken_id_seq', 353, true);


--
-- Name: auth_group auth_group_name_key; Type: CONSTRAINT; Schema: public; Owner: postgres
--

ALTER TABLE ONLY public.auth_group
    ADD CONSTRAINT auth_group_name_key UNIQUE (name);


--
-- Name: auth_group_permissions auth_group_permissions_group_id_permission_id_0cd325b0_uniq; Type: CONSTRAINT; Schema: public; Owner: postgres
--

ALTER TABLE ONLY public.auth_group_permissions
    ADD CONSTRAINT auth_group_permissions_group_id_permission_id_0cd325b0_uniq UNIQUE (group_id, permission_id);


--
-- Name: auth_group_permissions auth_group_permissions_pkey; Type: CONSTRAINT; Schema: public; Owner: postgres
--

ALTER TABLE ONLY public.auth_group_permissions
    ADD CONSTRAINT auth_group_permissions_pkey PRIMARY KEY (id);


--
-- Name: auth_group auth_group_pkey; Type: CONSTRAINT; Schema: public; Owner: postgres
--

ALTER TABLE ONLY public.auth_group
    ADD CONSTRAINT auth_group_pkey PRIMARY KEY (id);


--
-- Name: auth_permission auth_permission_content_type_id_codename_01ab375a_uniq; Type: CONSTRAINT; Schema: public; Owner: postgres
--

ALTER TABLE ONLY public.auth_permission
    ADD CONSTRAINT auth_permission_content_type_id_codename_01ab375a_uniq UNIQUE (content_type_id, codename);


--
-- Name: auth_permission auth_permission_pkey; Type: CONSTRAINT; Schema: public; Owner: postgres
--

ALTER TABLE ONLY public.auth_permission
    ADD CONSTRAINT auth_permission_pkey PRIMARY KEY (id);


--
-- Name: back_contrat back_contrat_contrat_name_key; Type: CONSTRAINT; Schema: public; Owner: postgres
--

ALTER TABLE ONLY public.back_contrat
    ADD CONSTRAINT back_contrat_contrat_name_key UNIQUE (contrat_name);


--
-- Name: back_contrat back_contrat_pkey; Type: CONSTRAINT; Schema: public; Owner: postgres
--

ALTER TABLE ONLY public.back_contrat
    ADD CONSTRAINT back_contrat_pkey PRIMARY KEY (id);


--
-- Name: back_magasin_created_by back_magasin_created_by_magasin_id_user_id_2662f960_uniq; Type: CONSTRAINT; Schema: public; Owner: postgres
--

ALTER TABLE ONLY public.back_magasin_created_by
    ADD CONSTRAINT back_magasin_created_by_magasin_id_user_id_2662f960_uniq UNIQUE (magasin_id, user_id);


--
-- Name: back_magasin_created_by back_magasin_created_by_pkey; Type: CONSTRAINT; Schema: public; Owner: postgres
--

ALTER TABLE ONLY public.back_magasin_created_by
    ADD CONSTRAINT back_magasin_created_by_pkey PRIMARY KEY (id);


--
-- Name: back_magasin back_magasin_pkey; Type: CONSTRAINT; Schema: public; Owner: postgres
--

ALTER TABLE ONLY public.back_magasin
    ADD CONSTRAINT back_magasin_pkey PRIMARY KEY (id);


--
-- Name: back_magasin back_magasin_shop_name_key; Type: CONSTRAINT; Schema: public; Owner: postgres
--

ALTER TABLE ONLY public.back_magasin
    ADD CONSTRAINT back_magasin_shop_name_key UNIQUE (shop_name);


--
-- Name: back_planningentry back_planning_pkey; Type: CONSTRAINT; Schema: public; Owner: postgres
--

ALTER TABLE ONLY public.back_planningentry
    ADD CONSTRAINT back_planning_pkey PRIMARY KEY (id);


--
-- Name: back_user back_user_email_key; Type: CONSTRAINT; Schema: public; Owner: postgres
--

ALTER TABLE ONLY public.back_user
    ADD CONSTRAINT back_user_email_key UNIQUE (email);


--
-- Name: back_user_groups back_user_groups_pkey; Type: CONSTRAINT; Schema: public; Owner: postgres
--

ALTER TABLE ONLY public.back_user_groups
    ADD CONSTRAINT back_user_groups_pkey PRIMARY KEY (id);


--
-- Name: back_user_groups back_user_groups_user_id_group_id_7e33747d_uniq; Type: CONSTRAINT; Schema: public; Owner: postgres
--

ALTER TABLE ONLY public.back_user_groups
    ADD CONSTRAINT back_user_groups_user_id_group_id_7e33747d_uniq UNIQUE (user_id, group_id);


--
-- Name: back_user_magasin back_user_magasin_pkey; Type: CONSTRAINT; Schema: public; Owner: postgres
--

ALTER TABLE ONLY public.back_user_magasin
    ADD CONSTRAINT back_user_magasin_pkey PRIMARY KEY (id);


--
-- Name: back_user_magasin back_user_magasin_user_id_magasin_id_ab47bd21_uniq; Type: CONSTRAINT; Schema: public; Owner: postgres
--

ALTER TABLE ONLY public.back_user_magasin
    ADD CONSTRAINT back_user_magasin_user_id_magasin_id_ab47bd21_uniq UNIQUE (user_id, magasin_id);


--
-- Name: back_user back_user_pkey; Type: CONSTRAINT; Schema: public; Owner: postgres
--

ALTER TABLE ONLY public.back_user
    ADD CONSTRAINT back_user_pkey PRIMARY KEY (id);


--
-- Name: back_user_user_permissions back_user_user_permissions_pkey; Type: CONSTRAINT; Schema: public; Owner: postgres
--

ALTER TABLE ONLY public.back_user_user_permissions
    ADD CONSTRAINT back_user_user_permissions_pkey PRIMARY KEY (id);


--
-- Name: back_user_user_permissions back_user_user_permissions_user_id_permission_id_62a2e455_uniq; Type: CONSTRAINT; Schema: public; Owner: postgres
--

ALTER TABLE ONLY public.back_user_user_permissions
    ADD CONSTRAINT back_user_user_permissions_user_id_permission_id_62a2e455_uniq UNIQUE (user_id, permission_id);


--
-- Name: back_vacation back_vacation_pkey; Type: CONSTRAINT; Schema: public; Owner: postgres
--

ALTER TABLE ONLY public.back_vacation
    ADD CONSTRAINT back_vacation_pkey PRIMARY KEY (id);


--
-- Name: back_workingday back_workingday_pkey; Type: CONSTRAINT; Schema: public; Owner: postgres
--

ALTER TABLE ONLY public.back_workingday
    ADD CONSTRAINT back_workingday_pkey PRIMARY KEY (id);


--
-- Name: back_workingday back_workingday_user_id_56c819c0_uniq; Type: CONSTRAINT; Schema: public; Owner: postgres
--

ALTER TABLE ONLY public.back_workingday
    ADD CONSTRAINT back_workingday_user_id_56c819c0_uniq UNIQUE (user_id);


--
-- Name: django_admin_log django_admin_log_pkey; Type: CONSTRAINT; Schema: public; Owner: postgres
--

ALTER TABLE ONLY public.django_admin_log
    ADD CONSTRAINT django_admin_log_pkey PRIMARY KEY (id);


--
-- Name: django_content_type django_content_type_app_label_model_76bd3d3b_uniq; Type: CONSTRAINT; Schema: public; Owner: postgres
--

ALTER TABLE ONLY public.django_content_type
    ADD CONSTRAINT django_content_type_app_label_model_76bd3d3b_uniq UNIQUE (app_label, model);


--
-- Name: django_content_type django_content_type_pkey; Type: CONSTRAINT; Schema: public; Owner: postgres
--

ALTER TABLE ONLY public.django_content_type
    ADD CONSTRAINT django_content_type_pkey PRIMARY KEY (id);


--
-- Name: django_migrations django_migrations_pkey; Type: CONSTRAINT; Schema: public; Owner: postgres
--

ALTER TABLE ONLY public.django_migrations
    ADD CONSTRAINT django_migrations_pkey PRIMARY KEY (id);


--
-- Name: django_rest_passwordreset_resetpasswordtoken django_rest_passwordreset_resetpasswordtoken_key_f1b65873_uniq; Type: CONSTRAINT; Schema: public; Owner: postgres
--

ALTER TABLE ONLY public.django_rest_passwordreset_resetpasswordtoken
    ADD CONSTRAINT django_rest_passwordreset_resetpasswordtoken_key_f1b65873_uniq UNIQUE (key);


--
-- Name: django_rest_passwordreset_resetpasswordtoken django_rest_passwordreset_resetpasswordtoken_pkey; Type: CONSTRAINT; Schema: public; Owner: postgres
--

ALTER TABLE ONLY public.django_rest_passwordreset_resetpasswordtoken
    ADD CONSTRAINT django_rest_passwordreset_resetpasswordtoken_pkey PRIMARY KEY (id);


--
-- Name: django_session django_session_pkey; Type: CONSTRAINT; Schema: public; Owner: postgres
--

ALTER TABLE ONLY public.django_session
    ADD CONSTRAINT django_session_pkey PRIMARY KEY (session_key);


--
-- Name: token_blacklist_blacklistedtoken token_blacklist_blacklistedtoken_pkey; Type: CONSTRAINT; Schema: public; Owner: postgres
--

ALTER TABLE ONLY public.token_blacklist_blacklistedtoken
    ADD CONSTRAINT token_blacklist_blacklistedtoken_pkey PRIMARY KEY (id);


--
-- Name: token_blacklist_blacklistedtoken token_blacklist_blacklistedtoken_token_id_key; Type: CONSTRAINT; Schema: public; Owner: postgres
--

ALTER TABLE ONLY public.token_blacklist_blacklistedtoken
    ADD CONSTRAINT token_blacklist_blacklistedtoken_token_id_key UNIQUE (token_id);


--
-- Name: token_blacklist_outstandingtoken token_blacklist_outstandingtoken_jti_key; Type: CONSTRAINT; Schema: public; Owner: postgres
--

ALTER TABLE ONLY public.token_blacklist_outstandingtoken
    ADD CONSTRAINT token_blacklist_outstandingtoken_jti_key UNIQUE (jti);


--
-- Name: token_blacklist_outstandingtoken token_blacklist_outstandingtoken_pkey; Type: CONSTRAINT; Schema: public; Owner: postgres
--

ALTER TABLE ONLY public.token_blacklist_outstandingtoken
    ADD CONSTRAINT token_blacklist_outstandingtoken_pkey PRIMARY KEY (id);


--
-- Name: auth_group_name_a6ea08ec_like; Type: INDEX; Schema: public; Owner: postgres
--

CREATE INDEX auth_group_name_a6ea08ec_like ON public.auth_group USING btree (name varchar_pattern_ops);


--
-- Name: auth_group_permissions_group_id_b120cbf9; Type: INDEX; Schema: public; Owner: postgres
--

CREATE INDEX auth_group_permissions_group_id_b120cbf9 ON public.auth_group_permissions USING btree (group_id);


--
-- Name: auth_group_permissions_permission_id_84c5c92e; Type: INDEX; Schema: public; Owner: postgres
--

CREATE INDEX auth_group_permissions_permission_id_84c5c92e ON public.auth_group_permissions USING btree (permission_id);


--
-- Name: auth_permission_content_type_id_2f476e4b; Type: INDEX; Schema: public; Owner: postgres
--

CREATE INDEX auth_permission_content_type_id_2f476e4b ON public.auth_permission USING btree (content_type_id);


--
-- Name: back_contrat_contrat_name_77cf30c7_like; Type: INDEX; Schema: public; Owner: postgres
--

CREATE INDEX back_contrat_contrat_name_77cf30c7_like ON public.back_contrat USING btree (contrat_name varchar_pattern_ops);


--
-- Name: back_magasin_created_by_magasin_id_150a45b2; Type: INDEX; Schema: public; Owner: postgres
--

CREATE INDEX back_magasin_created_by_magasin_id_150a45b2 ON public.back_magasin_created_by USING btree (magasin_id);


--
-- Name: back_magasin_created_by_user_id_82db5222; Type: INDEX; Schema: public; Owner: postgres
--

CREATE INDEX back_magasin_created_by_user_id_82db5222 ON public.back_magasin_created_by USING btree (user_id);


--
-- Name: back_magasin_shop_name_9a37a97e_like; Type: INDEX; Schema: public; Owner: postgres
--

CREATE INDEX back_magasin_shop_name_9a37a97e_like ON public.back_magasin USING btree (shop_name varchar_pattern_ops);


--
-- Name: back_planning_user_id_4d618d05; Type: INDEX; Schema: public; Owner: postgres
--

CREATE INDEX back_planning_user_id_4d618d05 ON public.back_planningentry USING btree (user_id);


--
-- Name: back_user_admin_id_b563596a; Type: INDEX; Schema: public; Owner: postgres
--

CREATE INDEX back_user_admin_id_b563596a ON public.back_user USING btree (admin_id);


--
-- Name: back_user_contrat_id_14445fe1; Type: INDEX; Schema: public; Owner: postgres
--

CREATE INDEX back_user_contrat_id_14445fe1 ON public.back_user USING btree (contrat_id);


--
-- Name: back_user_email_198049a5_like; Type: INDEX; Schema: public; Owner: postgres
--

CREATE INDEX back_user_email_198049a5_like ON public.back_user USING btree (email varchar_pattern_ops);


--
-- Name: back_user_groups_group_id_e87c60e5; Type: INDEX; Schema: public; Owner: postgres
--

CREATE INDEX back_user_groups_group_id_e87c60e5 ON public.back_user_groups USING btree (group_id);


--
-- Name: back_user_groups_user_id_24d476ca; Type: INDEX; Schema: public; Owner: postgres
--

CREATE INDEX back_user_groups_user_id_24d476ca ON public.back_user_groups USING btree (user_id);


--
-- Name: back_user_magasin_magasin_id_5c3bf2f3; Type: INDEX; Schema: public; Owner: postgres
--

CREATE INDEX back_user_magasin_magasin_id_5c3bf2f3 ON public.back_user_magasin USING btree (magasin_id);


--
-- Name: back_user_magasin_user_id_5ae1ba04; Type: INDEX; Schema: public; Owner: postgres
--

CREATE INDEX back_user_magasin_user_id_5ae1ba04 ON public.back_user_magasin USING btree (user_id);


--
-- Name: back_user_user_permissions_permission_id_fd6d868d; Type: INDEX; Schema: public; Owner: postgres
--

CREATE INDEX back_user_user_permissions_permission_id_fd6d868d ON public.back_user_user_permissions USING btree (permission_id);


--
-- Name: back_user_user_permissions_user_id_7a645242; Type: INDEX; Schema: public; Owner: postgres
--

CREATE INDEX back_user_user_permissions_user_id_7a645242 ON public.back_user_user_permissions USING btree (user_id);


--
-- Name: back_vacation_user_id_60f07780; Type: INDEX; Schema: public; Owner: postgres
--

CREATE INDEX back_vacation_user_id_60f07780 ON public.back_vacation USING btree (user_id);


--
-- Name: django_admin_log_content_type_id_c4bce8eb; Type: INDEX; Schema: public; Owner: postgres
--

CREATE INDEX django_admin_log_content_type_id_c4bce8eb ON public.django_admin_log USING btree (content_type_id);


--
-- Name: django_admin_log_user_id_c564eba6; Type: INDEX; Schema: public; Owner: postgres
--

CREATE INDEX django_admin_log_user_id_c564eba6 ON public.django_admin_log USING btree (user_id);


--
-- Name: django_rest_passwordreset_resetpasswordtoken_key_f1b65873_like; Type: INDEX; Schema: public; Owner: postgres
--

CREATE INDEX django_rest_passwordreset_resetpasswordtoken_key_f1b65873_like ON public.django_rest_passwordreset_resetpasswordtoken USING btree (key varchar_pattern_ops);


--
-- Name: django_rest_passwordreset_resetpasswordtoken_user_id_e8015b11; Type: INDEX; Schema: public; Owner: postgres
--

CREATE INDEX django_rest_passwordreset_resetpasswordtoken_user_id_e8015b11 ON public.django_rest_passwordreset_resetpasswordtoken USING btree (user_id);


--
-- Name: django_session_expire_date_a5c62663; Type: INDEX; Schema: public; Owner: postgres
--

CREATE INDEX django_session_expire_date_a5c62663 ON public.django_session USING btree (expire_date);


--
-- Name: django_session_session_key_c0390e0f_like; Type: INDEX; Schema: public; Owner: postgres
--

CREATE INDEX django_session_session_key_c0390e0f_like ON public.django_session USING btree (session_key varchar_pattern_ops);


--
-- Name: token_blacklist_outstandingtoken_jti_28cb9931_like; Type: INDEX; Schema: public; Owner: postgres
--

CREATE INDEX token_blacklist_outstandingtoken_jti_28cb9931_like ON public.token_blacklist_outstandingtoken USING btree (jti varchar_pattern_ops);


--
-- Name: token_blacklist_outstandingtoken_user_id_83bc629a; Type: INDEX; Schema: public; Owner: postgres
--

CREATE INDEX token_blacklist_outstandingtoken_user_id_83bc629a ON public.token_blacklist_outstandingtoken USING btree (user_id);


--
-- Name: auth_group_permissions auth_group_permissio_permission_id_84c5c92e_fk_auth_perm; Type: FK CONSTRAINT; Schema: public; Owner: postgres
--

ALTER TABLE ONLY public.auth_group_permissions
    ADD CONSTRAINT auth_group_permissio_permission_id_84c5c92e_fk_auth_perm FOREIGN KEY (permission_id) REFERENCES public.auth_permission(id) DEFERRABLE INITIALLY DEFERRED;


--
-- Name: auth_group_permissions auth_group_permissions_group_id_b120cbf9_fk_auth_group_id; Type: FK CONSTRAINT; Schema: public; Owner: postgres
--

ALTER TABLE ONLY public.auth_group_permissions
    ADD CONSTRAINT auth_group_permissions_group_id_b120cbf9_fk_auth_group_id FOREIGN KEY (group_id) REFERENCES public.auth_group(id) DEFERRABLE INITIALLY DEFERRED;


--
-- Name: auth_permission auth_permission_content_type_id_2f476e4b_fk_django_co; Type: FK CONSTRAINT; Schema: public; Owner: postgres
--

ALTER TABLE ONLY public.auth_permission
    ADD CONSTRAINT auth_permission_content_type_id_2f476e4b_fk_django_co FOREIGN KEY (content_type_id) REFERENCES public.django_content_type(id) DEFERRABLE INITIALLY DEFERRED;


--
-- Name: back_magasin_created_by back_magasin_created_by_magasin_id_150a45b2_fk_back_magasin_id; Type: FK CONSTRAINT; Schema: public; Owner: postgres
--

ALTER TABLE ONLY public.back_magasin_created_by
    ADD CONSTRAINT back_magasin_created_by_magasin_id_150a45b2_fk_back_magasin_id FOREIGN KEY (magasin_id) REFERENCES public.back_magasin(id) DEFERRABLE INITIALLY DEFERRED;


--
-- Name: back_magasin_created_by back_magasin_created_by_user_id_82db5222_fk_back_user_id; Type: FK CONSTRAINT; Schema: public; Owner: postgres
--

ALTER TABLE ONLY public.back_magasin_created_by
    ADD CONSTRAINT back_magasin_created_by_user_id_82db5222_fk_back_user_id FOREIGN KEY (user_id) REFERENCES public.back_user(id) DEFERRABLE INITIALLY DEFERRED;


--
-- Name: back_planningentry back_planning_user_id_4d618d05_fk_back_user_id; Type: FK CONSTRAINT; Schema: public; Owner: postgres
--

ALTER TABLE ONLY public.back_planningentry
    ADD CONSTRAINT back_planning_user_id_4d618d05_fk_back_user_id FOREIGN KEY (user_id) REFERENCES public.back_user(id) DEFERRABLE INITIALLY DEFERRED;


--
-- Name: back_user back_user_admin_id_b563596a_fk_back_user_id; Type: FK CONSTRAINT; Schema: public; Owner: postgres
--

ALTER TABLE ONLY public.back_user
    ADD CONSTRAINT back_user_admin_id_b563596a_fk_back_user_id FOREIGN KEY (admin_id) REFERENCES public.back_user(id) DEFERRABLE INITIALLY DEFERRED;


--
-- Name: back_user back_user_contrat_id_14445fe1_fk_back_contrat_id; Type: FK CONSTRAINT; Schema: public; Owner: postgres
--

ALTER TABLE ONLY public.back_user
    ADD CONSTRAINT back_user_contrat_id_14445fe1_fk_back_contrat_id FOREIGN KEY (contrat_id) REFERENCES public.back_contrat(id) DEFERRABLE INITIALLY DEFERRED;


--
-- Name: back_user_groups back_user_groups_group_id_e87c60e5_fk_auth_group_id; Type: FK CONSTRAINT; Schema: public; Owner: postgres
--

ALTER TABLE ONLY public.back_user_groups
    ADD CONSTRAINT back_user_groups_group_id_e87c60e5_fk_auth_group_id FOREIGN KEY (group_id) REFERENCES public.auth_group(id) DEFERRABLE INITIALLY DEFERRED;


--
-- Name: back_user_groups back_user_groups_user_id_24d476ca_fk_back_user_id; Type: FK CONSTRAINT; Schema: public; Owner: postgres
--

ALTER TABLE ONLY public.back_user_groups
    ADD CONSTRAINT back_user_groups_user_id_24d476ca_fk_back_user_id FOREIGN KEY (user_id) REFERENCES public.back_user(id) DEFERRABLE INITIALLY DEFERRED;


--
-- Name: back_user_magasin back_user_magasin_magasin_id_5c3bf2f3_fk_back_magasin_id; Type: FK CONSTRAINT; Schema: public; Owner: postgres
--

ALTER TABLE ONLY public.back_user_magasin
    ADD CONSTRAINT back_user_magasin_magasin_id_5c3bf2f3_fk_back_magasin_id FOREIGN KEY (magasin_id) REFERENCES public.back_magasin(id) DEFERRABLE INITIALLY DEFERRED;


--
-- Name: back_user_magasin back_user_magasin_user_id_5ae1ba04_fk_back_user_id; Type: FK CONSTRAINT; Schema: public; Owner: postgres
--

ALTER TABLE ONLY public.back_user_magasin
    ADD CONSTRAINT back_user_magasin_user_id_5ae1ba04_fk_back_user_id FOREIGN KEY (user_id) REFERENCES public.back_user(id) DEFERRABLE INITIALLY DEFERRED;


--
-- Name: back_user_user_permissions back_user_user_permi_permission_id_fd6d868d_fk_auth_perm; Type: FK CONSTRAINT; Schema: public; Owner: postgres
--

ALTER TABLE ONLY public.back_user_user_permissions
    ADD CONSTRAINT back_user_user_permi_permission_id_fd6d868d_fk_auth_perm FOREIGN KEY (permission_id) REFERENCES public.auth_permission(id) DEFERRABLE INITIALLY DEFERRED;


--
-- Name: back_user_user_permissions back_user_user_permissions_user_id_7a645242_fk_back_user_id; Type: FK CONSTRAINT; Schema: public; Owner: postgres
--

ALTER TABLE ONLY public.back_user_user_permissions
    ADD CONSTRAINT back_user_user_permissions_user_id_7a645242_fk_back_user_id FOREIGN KEY (user_id) REFERENCES public.back_user(id) DEFERRABLE INITIALLY DEFERRED;


--
-- Name: back_vacation back_vacation_user_id_60f07780_fk_back_user_id; Type: FK CONSTRAINT; Schema: public; Owner: postgres
--

ALTER TABLE ONLY public.back_vacation
    ADD CONSTRAINT back_vacation_user_id_60f07780_fk_back_user_id FOREIGN KEY (user_id) REFERENCES public.back_user(id) DEFERRABLE INITIALLY DEFERRED;


--
-- Name: back_workingday back_workingday_user_id_56c819c0_fk_back_user_id; Type: FK CONSTRAINT; Schema: public; Owner: postgres
--

ALTER TABLE ONLY public.back_workingday
    ADD CONSTRAINT back_workingday_user_id_56c819c0_fk_back_user_id FOREIGN KEY (user_id) REFERENCES public.back_user(id) DEFERRABLE INITIALLY DEFERRED;


--
-- Name: django_admin_log django_admin_log_content_type_id_c4bce8eb_fk_django_co; Type: FK CONSTRAINT; Schema: public; Owner: postgres
--

ALTER TABLE ONLY public.django_admin_log
    ADD CONSTRAINT django_admin_log_content_type_id_c4bce8eb_fk_django_co FOREIGN KEY (content_type_id) REFERENCES public.django_content_type(id) DEFERRABLE INITIALLY DEFERRED;


--
-- Name: django_admin_log django_admin_log_user_id_c564eba6_fk_back_user_id; Type: FK CONSTRAINT; Schema: public; Owner: postgres
--

ALTER TABLE ONLY public.django_admin_log
    ADD CONSTRAINT django_admin_log_user_id_c564eba6_fk_back_user_id FOREIGN KEY (user_id) REFERENCES public.back_user(id) DEFERRABLE INITIALLY DEFERRED;


--
-- Name: django_rest_passwordreset_resetpasswordtoken django_rest_password_user_id_e8015b11_fk_back_user; Type: FK CONSTRAINT; Schema: public; Owner: postgres
--

ALTER TABLE ONLY public.django_rest_passwordreset_resetpasswordtoken
    ADD CONSTRAINT django_rest_password_user_id_e8015b11_fk_back_user FOREIGN KEY (user_id) REFERENCES public.back_user(id) DEFERRABLE INITIALLY DEFERRED;


--
-- Name: token_blacklist_blacklistedtoken token_blacklist_blac_token_id_3cc7fe56_fk_token_bla; Type: FK CONSTRAINT; Schema: public; Owner: postgres
--

ALTER TABLE ONLY public.token_blacklist_blacklistedtoken
    ADD CONSTRAINT token_blacklist_blac_token_id_3cc7fe56_fk_token_bla FOREIGN KEY (token_id) REFERENCES public.token_blacklist_outstandingtoken(id) DEFERRABLE INITIALLY DEFERRED;


--
-- Name: token_blacklist_outstandingtoken token_blacklist_outs_user_id_83bc629a_fk_back_user; Type: FK CONSTRAINT; Schema: public; Owner: postgres
--

ALTER TABLE ONLY public.token_blacklist_outstandingtoken
    ADD CONSTRAINT token_blacklist_outs_user_id_83bc629a_fk_back_user FOREIGN KEY (user_id) REFERENCES public.back_user(id) DEFERRABLE INITIALLY DEFERRED;


--
-- Name: SCHEMA public; Type: ACL; Schema: -; Owner: postgres
--

REVOKE USAGE ON SCHEMA public FROM PUBLIC;


--
-- PostgreSQL database dump complete
--

